Seychelles,Aldabra,Alphonse,"Anse Aux Pins","Anse Boileau","Anse Etoile","Anse Royale",Aride,Assumption,Astove,"Au Cap","Baie Lazare","Beau Vallon","Bel Air",Belombre,Bijoutier,Bird,Cascade,"Cerf Island",Conception,Cosmoledo,Cousin,Cousine,Curieuse,Darros,Denis,Desnoeufs,Desroches,"English River",Farquhar,Felicite,Fregate,Glacis,"Grand Anse Mahe","Grande Soeur","Ile du Sud","La Digue","Les Mamelles",Marie-Louise,"Mont Buxton","Mont Fleuri","North Island","Petite Soeur",Plaisance,Platte,"Pointe Larue",Poivre,"Port Glaud",Praslin,Providence,Remire,"Roche Caiman",Silhouette,"St Louis","St. Francois","St. Joseph Atoll","St. Pierre","Ste Anne",Takamaka,Therese,Coetivy
1901,25.75,26.75,26.39,26.39,25.54,25.47,26.39,26.39,26.39,26.39,26.39,25.59,25.47,25.47,25.47,25.47,25.47,25.63,25.47,25.47,25.63,25.47,25.47,25.63,25.47,25.47,25.47,26.39,25.47,26.39,25.47,26.39,25.47,25.47,25.47,25.47,25.47,25.47,25.47,25.47,25.47,25.47,25.47,25.47,25.47,26.39,25.47,25.47,25.47,25.47,25.47,25.47,25.47,25.47,25.47,25.47,25.47,25.47,26.25,25.47,26.25
1902,25.69,26.93,26.33,26.33,25.48,25.41,26.33,26.33,26.33,26.33,26.33,25.53,25.41,25.41,25.41,25.41,25.41,25.57,25.41,25.41,25.57,25.41,25.41,25.57,25.41,25.41,25.41,26.33,25.41,26.33,25.41,26.33,25.41,25.41,25.41,25.41,25.41,25.41,25.41,25.41,25.41,25.41,25.41,25.41,25.41,26.33,25.41,25.41,25.41,25.41,25.41,25.41,25.41,25.41,25.41,25.41,25.41,25.41,26.19,25.41,26.19
1903,25.92,26.82,26.56,26.56,25.70,25.63,26.56,26.56,26.56,26.56,26.56,25.75,25.63,25.63,25.63,25.63,25.63,25.79,25.63,25.63,25.79,25.63,25.63,25.79,25.63,25.63,25.63,26.56,25.63,26.56,25.63,26.56,25.63,25.63,25.63,25.63,25.63,25.63,25.63,25.63,25.63,25.63,25.63,25.63,25.63,26.56,25.63,25.63,25.63,25.63,25.63,25.63,25.63,25.63,25.63,25.63,25.63,25.63,26.42,25.63,26.42
1904,26.23,26.73,26.87,26.87,26.02,25.95,26.87,26.87,26.87,26.87,26.87,26.07,25.95,25.95,25.95,25.95,25.95,26.11,25.95,25.95,26.11,25.95,25.95,26.11,25.95,25.95,25.95,26.87,25.95,26.87,25.95,26.87,25.95,25.95,25.95,25.95,25.95,25.95,25.95,25.95,25.95,25.95,25.95,25.95,25.95,26.87,25.95,25.95,25.95,25.95,25.95,25.95,25.95,25.95,25.95,25.95,25.95,25.95,26.73,25.95,26.73
1905,26.65,26.88,27.29,27.29,26.43,26.36,27.29,27.29,27.29,27.29,27.29,26.48,26.36,26.36,26.36,26.36,26.36,26.52,26.36,26.36,26.52,26.36,26.36,26.52,26.36,26.36,26.36,27.29,26.36,27.29,26.36,27.29,26.36,26.36,26.36,26.36,26.36,26.36,26.36,26.36,26.36,26.36,26.36,26.36,26.36,27.29,26.36,26.36,26.36,26.36,26.36,26.36,26.36,26.36,26.36,26.36,26.36,26.36,27.15,26.36,27.15
1906,26.26,26.69,26.90,26.90,26.04,25.97,26.90,26.90,26.90,26.90,26.90,26.09,25.97,25.97,25.97,25.97,25.97,26.13,25.97,25.97,26.13,25.97,25.97,26.13,25.97,25.97,25.97,26.90,25.97,26.90,25.97,26.90,25.97,25.97,25.97,25.97,25.97,25.97,25.97,25.97,25.97,25.97,25.97,25.97,25.97,26.90,25.97,25.97,25.97,25.97,25.97,25.97,25.97,25.97,25.97,25.97,25.97,25.97,26.76,25.97,26.76
1907,26.06,26.75,26.70,26.70,25.84,25.77,26.70,26.70,26.70,26.70,26.70,25.89,25.77,25.77,25.77,25.77,25.77,25.93,25.77,25.77,25.93,25.77,25.77,25.93,25.77,25.77,25.77,26.70,25.77,26.70,25.77,26.70,25.77,25.77,25.77,25.77,25.77,25.77,25.77,25.77,25.77,25.77,25.77,25.77,25.77,26.70,25.77,25.77,25.77,25.77,25.77,25.77,25.77,25.77,25.77,25.77,25.77,25.77,26.56,25.77,26.56
1908,26.35,26.90,26.99,26.99,26.14,26.07,26.99,26.99,26.99,26.99,26.99,26.19,26.07,26.07,26.07,26.07,26.07,26.23,26.07,26.07,26.23,26.07,26.07,26.23,26.07,26.07,26.07,26.99,26.07,26.99,26.07,26.99,26.07,26.07,26.07,26.07,26.07,26.07,26.07,26.07,26.07,26.07,26.07,26.07,26.07,26.99,26.07,26.07,26.07,26.07,26.07,26.07,26.07,26.07,26.07,26.07,26.07,26.07,26.85,26.07,26.85
1909,26.10,26.80,26.74,26.74,25.88,25.81,26.74,26.74,26.74,26.74,26.74,25.93,25.81,25.81,25.81,25.81,25.81,25.97,25.81,25.81,25.97,25.81,25.81,25.97,25.81,25.81,25.81,26.74,25.81,26.74,25.81,26.74,25.81,25.81,25.81,25.81,25.81,25.81,25.81,25.81,25.81,25.81,25.81,25.81,25.81,26.74,25.81,25.81,25.81,25.81,25.81,25.81,25.81,25.81,25.81,25.81,25.81,25.81,26.60,25.81,26.60
1910,26.05,26.73,26.69,26.69,25.84,25.77,26.69,26.69,26.69,26.69,26.69,25.89,25.77,25.77,25.77,25.77,25.77,25.93,25.77,25.77,25.93,25.77,25.77,25.93,25.77,25.77,25.77,26.69,25.77,26.69,25.77,26.69,25.77,25.77,25.77,25.77,25.77,25.77,25.77,25.77,25.77,25.77,25.77,25.77,25.77,26.69,25.77,25.77,25.77,25.77,25.77,25.77,25.77,25.77,25.77,25.77,25.77,25.77,26.55,25.77,26.55
1911,26.12,26.82,26.76,26.76,25.91,25.84,26.76,26.76,26.76,26.76,26.76,25.96,25.84,25.84,25.84,25.84,25.84,26.00,25.84,25.84,26.00,25.84,25.84,26.00,25.84,25.84,25.84,26.76,25.84,26.76,25.84,26.76,25.84,25.84,25.84,25.84,25.84,25.84,25.84,25.84,25.84,25.84,25.84,25.84,25.84,26.76,25.84,25.84,25.84,25.84,25.84,25.84,25.84,25.84,25.84,25.84,25.84,25.84,26.62,25.84,26.62
1912,26.52,26.89,27.16,27.16,26.31,26.24,27.16,27.16,27.16,27.16,27.16,26.36,26.24,26.24,26.24,26.24,26.24,26.40,26.24,26.24,26.40,26.24,26.24,26.40,26.24,26.24,26.24,27.16,26.24,27.16,26.24,27.16,26.24,26.24,26.24,26.24,26.24,26.24,26.24,26.24,26.24,26.24,26.24,26.24,26.24,27.16,26.24,26.24,26.24,26.24,26.24,26.24,26.24,26.24,26.24,26.24,26.24,26.24,27.02,26.24,27.02
1913,26.38,26.97,27.02,27.02,26.16,26.09,27.02,27.02,27.02,27.02,27.02,26.21,26.09,26.09,26.09,26.09,26.09,26.25,26.09,26.09,26.25,26.09,26.09,26.25,26.09,26.09,26.09,27.02,26.09,27.02,26.09,27.02,26.09,26.09,26.09,26.09,26.09,26.09,26.09,26.09,26.09,26.09,26.09,26.09,26.09,27.02,26.09,26.09,26.09,26.09,26.09,26.09,26.09,26.09,26.09,26.09,26.09,26.09,26.88,26.09,26.88
1914,26.82,26.96,27.46,27.46,26.60,26.53,27.46,27.46,27.46,27.46,27.46,26.65,26.53,26.53,26.53,26.53,26.53,26.69,26.53,26.53,26.69,26.53,26.53,26.69,26.53,26.53,26.53,27.46,26.53,27.46,26.53,27.46,26.53,26.53,26.53,26.53,26.53,26.53,26.53,26.53,26.53,26.53,26.53,26.53,26.53,27.46,26.53,26.53,26.53,26.53,26.53,26.53,26.53,26.53,26.53,26.53,26.53,26.53,27.32,26.53,27.32
1915,26.58,26.97,27.22,27.22,26.37,26.30,27.22,27.22,27.22,27.22,27.22,26.42,26.30,26.30,26.30,26.30,26.30,26.46,26.30,26.30,26.46,26.30,26.30,26.46,26.30,26.30,26.30,27.22,26.30,27.22,26.30,27.22,26.30,26.30,26.30,26.30,26.30,26.30,26.30,26.30,26.30,26.30,26.30,26.30,26.30,27.22,26.30,26.30,26.30,26.30,26.30,26.30,26.30,26.30,26.30,26.30,26.30,26.30,27.08,26.30,27.08
1916,26.34,26.93,26.98,26.98,26.13,26.06,26.98,26.98,26.98,26.98,26.98,26.18,26.06,26.06,26.06,26.06,26.06,26.22,26.06,26.06,26.22,26.06,26.06,26.22,26.06,26.06,26.06,26.98,26.06,26.98,26.06,26.98,26.06,26.06,26.06,26.06,26.06,26.06,26.06,26.06,26.06,26.06,26.06,26.06,26.06,26.98,26.06,26.06,26.06,26.06,26.06,26.06,26.06,26.06,26.06,26.06,26.06,26.06,26.84,26.06,26.84
1917,26.21,26.93,26.85,26.85,25.99,25.92,26.85,26.85,26.85,26.85,26.85,26.04,25.92,25.92,25.92,25.92,25.92,26.08,25.92,25.92,26.08,25.92,25.92,26.08,25.92,25.92,25.92,26.85,25.92,26.85,25.92,26.85,25.92,25.92,25.92,25.92,25.92,25.92,25.92,25.92,25.92,25.92,25.92,25.92,25.92,26.85,25.92,25.92,25.92,25.92,25.92,25.92,25.92,25.92,25.92,25.92,25.92,25.92,26.71,25.92,26.71
1918,26.17,26.94,26.81,26.81,25.95,25.88,26.81,26.81,26.81,26.81,26.81,26.00,25.88,25.88,25.88,25.88,25.88,26.04,25.88,25.88,26.04,25.88,25.88,26.04,25.88,25.88,25.88,26.81,25.88,26.81,25.88,26.81,25.88,25.88,25.88,25.88,25.88,25.88,25.88,25.88,25.88,25.88,25.88,25.88,25.88,26.81,25.88,25.88,25.88,25.88,25.88,25.88,25.88,25.88,25.88,25.88,25.88,25.88,26.67,25.88,26.67
1919,26.78,26.97,27.42,27.42,26.57,26.50,27.42,27.42,27.42,27.42,27.42,26.62,26.50,26.50,26.50,26.50,26.50,26.66,26.50,26.50,26.66,26.50,26.50,26.66,26.50,26.50,26.50,27.42,26.50,27.42,26.50,27.42,26.50,26.50,26.50,26.50,26.50,26.50,26.50,26.50,26.50,26.50,26.50,26.50,26.50,27.42,26.50,26.50,26.50,26.50,26.50,26.50,26.50,26.50,26.50,26.50,26.50,26.50,27.28,26.50,27.28
1920,26.41,26.96,27.05,27.05,26.19,26.12,27.05,27.05,27.05,27.05,27.05,26.24,26.12,26.12,26.12,26.12,26.12,26.28,26.12,26.12,26.28,26.12,26.12,26.28,26.12,26.12,26.12,27.05,26.12,27.05,26.12,27.05,26.12,26.12,26.12,26.12,26.12,26.12,26.12,26.12,26.12,26.12,26.12,26.12,26.12,27.05,26.12,26.12,26.12,26.12,26.12,26.12,26.12,26.12,26.12,26.12,26.12,26.12,26.91,26.12,26.91
1921,26.42,26.94,27.06,27.06,26.21,26.14,27.06,27.06,27.06,27.06,27.06,26.26,26.14,26.14,26.14,26.14,26.14,26.30,26.14,26.14,26.30,26.14,26.14,26.30,26.14,26.14,26.14,27.06,26.14,27.06,26.14,27.06,26.14,26.14,26.14,26.14,26.14,26.14,26.14,26.14,26.14,26.14,26.14,26.14,26.14,27.06,26.14,26.14,26.14,26.14,26.14,26.14,26.14,26.14,26.14,26.14,26.14,26.14,26.92,26.14,26.92
1922,26.41,26.93,27.05,27.05,26.19,26.12,27.05,27.05,27.05,27.05,27.05,26.24,26.12,26.12,26.12,26.12,26.12,26.28,26.12,26.12,26.28,26.12,26.12,26.28,26.12,26.12,26.12,27.05,26.12,27.05,26.12,27.05,26.12,26.12,26.12,26.12,26.12,26.12,26.12,26.12,26.12,26.12,26.12,26.12,26.12,27.05,26.12,26.12,26.12,26.12,26.12,26.12,26.12,26.12,26.12,26.12,26.12,26.12,26.91,26.12,26.91
1923,26.17,26.98,26.81,26.81,25.95,25.88,26.81,26.81,26.81,26.81,26.81,26.00,25.88,25.88,25.88,25.88,25.88,26.04,25.88,25.88,26.04,25.88,25.88,26.04,25.88,25.88,25.88,26.81,25.88,26.81,25.88,26.81,25.88,25.88,25.88,25.88,25.88,25.88,25.88,25.88,25.88,25.88,25.88,25.88,25.88,26.81,25.88,25.88,25.88,25.88,25.88,25.88,25.88,25.88,25.88,25.88,25.88,25.88,26.67,25.88,26.67
1924,26.41,26.97,27.05,27.05,26.19,26.12,27.05,27.05,27.05,27.05,27.05,26.24,26.12,26.12,26.12,26.12,26.12,26.28,26.12,26.12,26.28,26.12,26.12,26.28,26.12,26.12,26.12,27.05,26.12,27.05,26.12,27.05,26.12,26.12,26.12,26.12,26.12,26.12,26.12,26.12,26.12,26.12,26.12,26.12,26.12,27.05,26.12,26.12,26.12,26.12,26.12,26.12,26.12,26.12,26.12,26.12,26.12,26.12,26.91,26.12,26.91
1925,26.24,26.96,26.88,26.88,26.02,25.95,26.88,26.88,26.88,26.88,26.88,26.07,25.95,25.95,25.95,25.95,25.95,26.11,25.95,25.95,26.11,25.95,25.95,26.11,25.95,25.95,25.95,26.88,25.95,26.88,25.95,26.88,25.95,25.95,25.95,25.95,25.95,25.95,25.95,25.95,25.95,25.95,25.95,25.95,25.95,26.88,25.95,25.95,25.95,25.95,25.95,25.95,25.95,25.95,25.95,25.95,25.95,25.95,26.74,25.95,26.74
1926,26.55,27.02,27.19,27.19,26.33,26.26,27.19,27.19,27.19,27.19,27.19,26.38,26.26,26.26,26.26,26.26,26.26,26.42,26.26,26.26,26.42,26.26,26.26,26.42,26.26,26.26,26.26,27.19,26.26,27.19,26.26,27.19,26.26,26.26,26.26,26.26,26.26,26.26,26.26,26.26,26.26,26.26,26.26,26.26,26.26,27.19,26.26,26.26,26.26,26.26,26.26,26.26,26.26,26.26,26.26,26.26,26.26,26.26,27.05,26.26,27.05
1927,26.51,26.96,27.15,27.15,26.29,26.22,27.15,27.15,27.15,27.15,27.15,26.34,26.22,26.22,26.22,26.22,26.22,26.38,26.22,26.22,26.38,26.22,26.22,26.38,26.22,26.22,26.22,27.15,26.22,27.15,26.22,27.15,26.22,26.22,26.22,26.22,26.22,26.22,26.22,26.22,26.22,26.22,26.22,26.22,26.22,27.15,26.22,26.22,26.22,26.22,26.22,26.22,26.22,26.22,26.22,26.22,26.22,26.22,27.01,26.22,27.01
1928,25.85,26.96,26.49,26.49,25.64,25.57,26.49,26.49,26.49,26.49,26.49,25.69,25.57,25.57,25.57,25.57,25.57,25.73,25.57,25.57,25.73,25.57,25.57,25.73,25.57,25.57,25.57,26.49,25.57,26.49,25.57,26.49,25.57,25.57,25.57,25.57,25.57,25.57,25.57,25.57,25.57,25.57,25.57,25.57,25.57,26.49,25.57,25.57,25.57,25.57,25.57,25.57,25.57,25.57,25.57,25.57,25.57,25.57,26.35,25.57,26.35
1929,25.64,26.98,26.28,26.28,25.43,25.36,26.28,26.28,26.28,26.28,26.28,25.48,25.36,25.36,25.36,25.36,25.36,25.52,25.36,25.36,25.52,25.36,25.36,25.52,25.36,25.36,25.36,26.28,25.36,26.28,25.36,26.28,25.36,25.36,25.36,25.36,25.36,25.36,25.36,25.36,25.36,25.36,25.36,25.36,25.36,26.28,25.36,25.36,25.36,25.36,25.36,25.36,25.36,25.36,25.36,25.36,25.36,25.36,26.14,25.36,26.14
1930,25.66,26.94,26.30,26.30,25.44,25.37,26.30,26.30,26.30,26.30,26.30,25.49,25.37,25.37,25.37,25.37,25.37,25.53,25.37,25.37,25.53,25.37,25.37,25.53,25.37,25.37,25.37,26.30,25.37,26.30,25.37,26.30,25.37,25.37,25.37,25.37,25.37,25.37,25.37,25.37,25.37,25.37,25.37,25.37,25.37,26.30,25.37,25.37,25.37,25.37,25.37,25.37,25.37,25.37,25.37,25.37,25.37,25.37,26.16,25.37,26.16
1931,25.99,26.92,26.63,26.63,25.78,25.71,26.63,26.63,26.63,26.63,26.63,25.83,25.71,25.71,25.71,25.71,25.71,25.87,25.71,25.71,25.87,25.71,25.71,25.87,25.71,25.71,25.71,26.63,25.71,26.63,25.71,26.63,25.71,25.71,25.71,25.71,25.71,25.71,25.71,25.71,25.71,25.71,25.71,25.71,25.71,26.63,25.71,25.71,25.71,25.71,25.71,25.71,25.71,25.71,25.71,25.71,25.71,25.71,26.49,25.71,26.49
1932,25.72,26.93,26.36,26.36,25.50,25.43,26.36,26.36,26.36,26.36,26.36,25.55,25.43,25.43,25.43,25.43,25.43,25.59,25.43,25.43,25.59,25.43,25.43,25.59,25.43,25.43,25.43,26.36,25.43,26.36,25.43,26.36,25.43,25.43,25.43,25.43,25.43,25.43,25.43,25.43,25.43,25.43,25.43,25.43,25.43,26.36,25.43,25.43,25.43,25.43,25.43,25.43,25.43,25.43,25.43,25.43,25.43,25.43,26.22,25.43,26.22
1933,25.69,26.93,26.33,26.33,25.47,25.40,26.33,26.33,26.33,26.33,26.33,25.52,25.40,25.40,25.40,25.40,25.40,25.56,25.40,25.40,25.56,25.40,25.40,25.56,25.40,25.40,25.40,26.33,25.40,26.33,25.40,26.33,25.40,25.40,25.40,25.40,25.40,25.40,25.40,25.40,25.40,25.40,25.40,25.40,25.40,26.33,25.40,25.40,25.40,25.40,25.40,25.40,25.40,25.40,25.40,25.40,25.40,25.40,26.19,25.40,26.19
1934,25.74,26.93,26.38,26.38,25.53,25.46,26.38,26.38,26.38,26.38,26.38,25.58,25.46,25.46,25.46,25.46,25.46,25.62,25.46,25.46,25.62,25.46,25.46,25.62,25.46,25.46,25.46,26.38,25.46,26.38,25.46,26.38,25.46,25.46,25.46,25.46,25.46,25.46,25.46,25.46,25.46,25.46,25.46,25.46,25.46,26.38,25.46,25.46,25.46,25.46,25.46,25.46,25.46,25.46,25.46,25.46,25.46,25.46,26.24,25.46,26.24
1935,25.73,26.93,26.37,26.37,25.52,25.45,26.37,26.37,26.37,26.37,26.37,25.57,25.45,25.45,25.45,25.45,25.45,25.61,25.45,25.45,25.61,25.45,25.45,25.61,25.45,25.45,25.45,26.37,25.45,26.37,25.45,26.37,25.45,25.45,25.45,25.45,25.45,25.45,25.45,25.45,25.45,25.45,25.45,25.45,25.45,26.37,25.45,25.45,25.45,25.45,25.45,25.45,25.45,25.45,25.45,25.45,25.45,25.45,26.23,25.45,26.23
1936,25.95,26.94,26.59,26.59,25.73,25.66,26.59,26.59,26.59,26.59,26.59,25.78,25.66,25.66,25.66,25.66,25.66,25.82,25.66,25.66,25.82,25.66,25.66,25.82,25.66,25.66,25.66,26.59,25.66,26.59,25.66,26.59,25.66,25.66,25.66,25.66,25.66,25.66,25.66,25.66,25.66,25.66,25.66,25.66,25.66,26.59,25.66,25.66,25.66,25.66,25.66,25.66,25.66,25.66,25.66,25.66,25.66,25.66,26.45,25.66,26.45
1937,25.86,26.93,26.50,26.50,25.65,25.58,26.50,26.50,26.50,26.50,26.50,25.70,25.58,25.58,25.58,25.58,25.58,25.74,25.58,25.58,25.74,25.58,25.58,25.74,25.58,25.58,25.58,26.50,25.58,26.50,25.58,26.50,25.58,25.58,25.58,25.58,25.58,25.58,25.58,25.58,25.58,25.58,25.58,25.58,25.58,26.50,25.58,25.58,25.58,25.58,25.58,25.58,25.58,25.58,25.58,25.58,25.58,25.58,26.36,25.58,26.36
1938,25.87,26.94,26.51,26.51,25.66,25.59,26.51,26.51,26.51,26.51,26.51,25.71,25.59,25.59,25.59,25.59,25.59,25.75,25.59,25.59,25.75,25.59,25.59,25.75,25.59,25.59,25.59,26.51,25.59,26.51,25.59,26.51,25.59,25.59,25.59,25.59,25.59,25.59,25.59,25.59,25.59,25.59,25.59,25.59,25.59,26.51,25.59,25.59,25.59,25.59,25.59,25.59,25.59,25.59,25.59,25.59,25.59,25.59,26.37,25.59,26.37
1939,25.57,26.94,26.21,26.21,25.36,25.29,26.21,26.21,26.21,26.21,26.21,25.41,25.29,25.29,25.29,25.29,25.29,25.45,25.29,25.29,25.45,25.29,25.29,25.45,25.29,25.29,25.29,26.21,25.29,26.21,25.29,26.21,25.29,25.29,25.29,25.29,25.29,25.29,25.29,25.29,25.29,25.29,25.29,25.29,25.29,26.21,25.29,25.29,25.29,25.29,25.29,25.29,25.29,25.29,25.29,25.29,25.29,25.29,26.07,25.29,26.07
1940,25.96,26.92,26.60,26.60,25.74,25.67,26.60,26.60,26.60,26.60,26.60,25.79,25.67,25.67,25.67,25.67,25.67,25.83,25.67,25.67,25.83,25.67,25.67,25.83,25.67,25.67,25.67,26.60,25.67,26.60,25.67,26.60,25.67,25.67,25.67,25.67,25.67,25.67,25.67,25.67,25.67,25.67,25.67,25.67,25.67,26.60,25.67,25.67,25.67,25.67,25.67,25.67,25.67,25.67,25.67,25.67,25.67,25.67,26.46,25.67,26.46
1941,26.49,27.09,27.13,27.13,26.27,26.20,27.13,27.13,27.13,27.13,27.13,26.32,26.20,26.20,26.20,26.20,26.20,26.36,26.20,26.20,26.36,26.20,26.20,26.36,26.20,26.20,26.20,27.13,26.20,27.13,26.20,27.13,26.20,26.20,26.20,26.20,26.20,26.20,26.20,26.20,26.20,26.20,26.20,26.20,26.20,27.13,26.20,26.20,26.20,26.20,26.20,26.20,26.20,26.20,26.20,26.20,26.20,26.20,26.99,26.20,26.99
1942,25.93,27.04,26.56,26.56,25.72,25.65,26.56,26.56,26.56,26.56,26.56,25.77,25.65,25.65,25.65,25.65,25.65,25.81,25.65,25.65,25.81,25.65,25.65,25.81,25.65,25.65,25.65,26.56,25.65,26.56,25.65,26.56,25.65,25.65,25.65,25.65,25.65,25.65,25.65,25.65,25.65,25.65,25.65,25.65,25.65,26.56,25.65,25.65,25.65,25.65,25.65,25.65,25.65,25.65,25.65,25.65,25.65,25.65,26.42,25.65,26.42
1943,26.08,26.58,26.71,26.71,25.87,25.80,26.71,26.71,26.71,26.71,26.71,25.92,25.80,25.80,25.80,25.80,25.80,25.96,25.80,25.80,25.96,25.80,25.80,25.96,25.80,25.80,25.80,26.71,25.80,26.71,25.80,26.71,25.80,25.80,25.80,25.80,25.80,25.80,25.80,25.80,25.80,25.80,25.80,25.80,25.80,26.71,25.80,25.80,25.80,25.80,25.80,25.80,25.80,25.80,25.80,25.80,25.80,25.80,26.57,25.80,26.57
1944,26.51,27.27,27.14,27.14,26.30,26.23,27.14,27.14,27.14,27.14,27.14,26.35,26.23,26.23,26.23,26.23,26.23,26.39,26.23,26.23,26.39,26.23,26.23,26.39,26.23,26.23,26.23,27.14,26.23,27.14,26.23,27.14,26.23,26.23,26.23,26.23,26.23,26.23,26.23,26.23,26.23,26.23,26.23,26.23,26.23,27.14,26.23,26.23,26.23,26.23,26.23,26.23,26.23,26.23,26.23,26.23,26.23,26.23,27.00,26.23,27.00
1945,25.97,27.25,26.59,26.59,25.76,25.69,26.59,26.59,26.59,26.59,26.59,25.81,25.69,25.69,25.69,25.69,25.69,25.85,25.69,25.69,25.85,25.69,25.69,25.85,25.69,25.69,25.69,26.59,25.69,26.59,25.69,26.59,25.69,25.69,25.69,25.69,25.69,25.69,25.69,25.69,25.69,25.69,25.69,25.69,25.69,26.59,25.69,25.69,25.69,25.69,25.69,25.69,25.69,25.69,25.69,25.69,25.69,25.69,26.45,25.69,26.45
1946,26.03,27.05,26.67,26.67,25.81,25.74,26.67,26.67,26.67,26.67,26.67,25.86,25.74,25.74,25.74,25.74,25.74,25.90,25.74,25.74,25.90,25.74,25.74,25.90,25.74,25.74,25.74,26.67,25.74,26.67,25.74,26.67,25.74,25.74,25.74,25.74,25.74,25.74,25.74,25.74,25.74,25.74,25.74,25.74,25.74,26.67,25.74,25.74,25.74,25.74,25.74,25.74,25.74,25.74,25.74,25.74,25.74,25.74,26.53,25.74,26.53
1947,26.16,27.12,26.79,26.79,25.95,25.88,26.79,26.79,26.79,26.79,26.79,26.00,25.88,25.88,25.88,25.88,25.88,26.04,25.88,25.88,26.04,25.88,25.88,26.04,25.88,25.88,25.88,26.79,25.88,26.79,25.88,26.79,25.88,25.88,25.88,25.88,25.88,25.88,25.88,25.88,25.88,25.88,25.88,25.88,25.88,26.79,25.88,25.88,25.88,25.88,25.88,25.88,25.88,25.88,25.88,25.88,25.88,25.88,26.65,25.88,26.65
1948,26.22,27.27,26.84,26.84,26.01,25.94,26.84,26.84,26.84,26.84,26.84,26.06,25.94,25.94,25.94,25.94,25.94,26.10,25.94,25.94,26.10,25.94,25.94,26.10,25.94,25.94,25.94,26.84,25.94,26.84,25.94,26.84,25.94,25.94,25.94,25.94,25.94,25.94,25.94,25.94,25.94,25.94,25.94,25.94,25.94,26.84,25.94,25.94,25.94,25.94,25.94,25.94,25.94,25.94,25.94,25.94,25.94,25.94,26.70,25.94,26.70
1949,26.39,27.02,27.02,27.02,26.18,26.11,27.02,27.02,27.02,27.02,27.02,26.23,26.11,26.11,26.11,26.11,26.11,26.27,26.11,26.11,26.27,26.11,26.11,26.27,26.11,26.11,26.11,27.02,26.11,27.02,26.11,27.02,26.11,26.11,26.11,26.11,26.11,26.11,26.11,26.11,26.11,26.11,26.11,26.11,26.11,27.02,26.11,26.11,26.11,26.11,26.11,26.11,26.11,26.11,26.11,26.11,26.11,26.11,26.88,26.11,26.88
1950,26.19,27.13,26.83,26.83,25.97,25.90,26.83,26.83,26.83,26.83,26.83,26.02,25.90,25.90,25.90,25.90,25.90,26.06,25.90,25.90,26.06,25.90,25.90,26.06,25.90,25.90,25.90,26.83,25.90,26.83,25.90,26.83,25.90,25.90,25.90,25.90,25.90,25.90,25.90,25.90,25.90,25.90,25.90,25.90,25.90,26.83,25.90,25.90,25.90,25.90,25.90,25.90,25.90,25.90,25.90,25.90,25.90,25.90,26.69,25.90,26.69
1951,26.57,27.23,27.21,27.21,26.35,26.28,27.21,27.21,27.21,27.21,27.21,26.40,26.28,26.28,26.28,26.28,26.28,26.44,26.28,26.28,26.44,26.28,26.28,26.44,26.28,26.28,26.28,27.21,26.28,27.21,26.28,27.21,26.28,26.28,26.28,26.28,26.28,26.28,26.28,26.28,26.28,26.28,26.28,26.28,26.28,27.21,26.28,26.28,26.28,26.28,26.28,26.28,26.28,26.28,26.28,26.28,26.28,26.28,27.07,26.28,27.07
1952,26.44,27.22,27.06,27.06,26.23,26.16,27.06,27.06,27.06,27.06,27.06,26.28,26.16,26.16,26.16,26.16,26.16,26.32,26.16,26.16,26.32,26.16,26.16,26.32,26.16,26.16,26.16,27.06,26.16,27.06,26.16,27.06,26.16,26.16,26.16,26.16,26.16,26.16,26.16,26.16,26.16,26.16,26.16,26.16,26.16,27.06,26.16,26.16,26.16,26.16,26.16,26.16,26.16,26.16,26.16,26.16,26.16,26.16,26.92,26.16,26.92
1953,26.52,27.24,27.16,27.16,26.30,26.23,27.16,27.16,27.16,27.16,27.16,26.35,26.23,26.23,26.23,26.23,26.23,26.39,26.23,26.23,26.39,26.23,26.23,26.39,26.23,26.23,26.23,27.16,26.23,27.16,26.23,27.16,26.23,26.23,26.23,26.23,26.23,26.23,26.23,26.23,26.23,26.23,26.23,26.23,26.23,27.16,26.23,26.23,26.23,26.23,26.23,26.23,26.23,26.23,26.23,26.23,26.23,26.23,27.02,26.23,27.02
1954,26.42,27.13,27.04,27.04,26.21,26.14,27.04,27.04,27.04,27.04,27.04,26.26,26.14,26.14,26.14,26.14,26.14,26.30,26.14,26.14,26.30,26.14,26.14,26.30,26.14,26.14,26.14,27.04,26.14,27.04,26.14,27.04,26.14,26.14,26.14,26.14,26.14,26.14,26.14,26.14,26.14,26.14,26.14,26.14,26.14,27.04,26.14,26.14,26.14,26.14,26.14,26.14,26.14,26.14,26.14,26.14,26.14,26.14,26.90,26.14,26.90
1955,26.21,26.93,26.84,26.84,26.00,25.93,26.84,26.84,26.84,26.84,26.84,26.05,25.93,25.93,25.93,25.93,25.93,26.09,25.93,25.93,26.09,25.93,25.93,26.09,25.93,25.93,25.93,26.84,25.93,26.84,25.93,26.84,25.93,25.93,25.93,25.93,25.93,25.93,25.93,25.93,25.93,25.93,25.93,25.93,25.93,26.84,25.93,25.93,25.93,25.93,25.93,25.93,25.93,25.93,25.93,25.93,25.93,25.93,26.70,25.93,26.70
1956,26.12,26.74,26.76,26.76,25.90,25.83,26.76,26.76,26.76,26.76,26.76,25.95,25.83,25.83,25.83,25.83,25.83,25.99,25.83,25.83,25.99,25.83,25.83,25.99,25.83,25.83,25.83,26.76,25.83,26.76,25.83,26.76,25.83,25.83,25.83,25.83,25.83,25.83,25.83,25.83,25.83,25.83,25.83,25.83,25.83,26.76,25.83,25.83,25.83,25.83,25.83,25.83,25.83,25.83,25.83,25.83,25.83,25.83,26.62,25.83,26.62
1957,26.32,26.83,26.96,26.96,26.11,26.04,26.96,26.96,26.96,26.96,26.96,26.16,26.04,26.04,26.04,26.04,26.04,26.20,26.04,26.04,26.20,26.04,26.04,26.20,26.04,26.04,26.04,26.96,26.04,26.96,26.04,26.96,26.04,26.04,26.04,26.04,26.04,26.04,26.04,26.04,26.04,26.04,26.04,26.04,26.04,26.96,26.04,26.04,26.04,26.04,26.04,26.04,26.04,26.04,26.04,26.04,26.04,26.04,26.82,26.04,26.82
1958,26.75,27.18,27.39,27.39,26.54,26.47,27.39,27.39,27.39,27.39,27.39,26.59,26.47,26.47,26.47,26.47,26.47,26.63,26.47,26.47,26.63,26.47,26.47,26.63,26.47,26.47,26.47,27.39,26.47,27.39,26.47,27.39,26.47,26.47,26.47,26.47,26.47,26.47,26.47,26.47,26.47,26.47,26.47,26.47,26.47,27.39,26.47,26.47,26.47,26.47,26.47,26.47,26.47,26.47,26.47,26.47,26.47,26.47,27.25,26.47,27.25
1959,26.48,26.96,27.12,27.12,26.26,26.19,27.12,27.12,27.12,27.12,27.12,26.31,26.19,26.19,26.19,26.19,26.19,26.35,26.19,26.19,26.35,26.19,26.19,26.35,26.19,26.19,26.19,27.12,26.19,27.12,26.19,27.12,26.19,26.19,26.19,26.19,26.19,26.19,26.19,26.19,26.19,26.19,26.19,26.19,26.19,27.12,26.19,26.19,26.19,26.19,26.19,26.19,26.19,26.19,26.19,26.19,26.19,26.19,26.98,26.19,26.98
1960,26.39,26.89,27.02,27.02,26.18,26.11,27.02,27.02,27.02,27.02,27.02,26.23,26.11,26.11,26.11,26.11,26.11,26.27,26.11,26.11,26.27,26.11,26.11,26.27,26.11,26.11,26.11,27.02,26.11,27.02,26.11,27.02,26.11,26.11,26.11,26.11,26.11,26.11,26.11,26.11,26.11,26.11,26.11,26.11,26.11,27.02,26.11,26.11,26.11,26.11,26.11,26.11,26.11,26.11,26.11,26.11,26.11,26.11,26.88,26.11,26.88
1961,26.66,27.50,27.30,27.30,26.45,26.38,27.30,27.30,27.30,27.30,27.30,26.50,26.38,26.38,26.38,26.38,26.38,26.54,26.38,26.38,26.54,26.38,26.38,26.54,26.38,26.38,26.38,27.30,26.38,27.30,26.38,27.30,26.38,26.38,26.38,26.38,26.38,26.38,26.38,26.38,26.38,26.38,26.38,26.38,26.38,27.30,26.38,26.38,26.38,26.38,26.38,26.38,26.38,26.38,26.38,26.38,26.38,26.38,27.16,26.38,27.16
1962,26.46,27.04,27.09,27.09,26.25,26.18,27.09,27.09,27.09,27.09,27.09,26.30,26.18,26.18,26.18,26.18,26.18,26.34,26.18,26.18,26.34,26.18,26.18,26.34,26.18,26.18,26.18,27.09,26.18,27.09,26.18,27.09,26.18,26.18,26.18,26.18,26.18,26.18,26.18,26.18,26.18,26.18,26.18,26.18,26.18,27.09,26.18,26.18,26.18,26.18,26.18,26.18,26.18,26.18,26.18,26.18,26.18,26.18,26.95,26.18,26.95
1963,26.12,26.90,26.73,26.73,25.92,25.85,26.73,26.73,26.73,26.73,26.73,25.96,25.85,25.85,25.85,25.85,25.85,26.00,25.85,25.85,26.00,25.85,25.85,26.00,25.85,25.85,25.85,26.73,25.85,26.73,25.85,26.73,25.85,25.85,25.85,25.85,25.85,25.85,25.85,25.85,25.85,25.85,25.85,25.85,25.85,26.73,25.85,25.85,25.85,25.85,25.85,25.85,25.85,25.85,25.85,25.85,25.85,25.85,26.59,25.85,26.59
1964,26.16,26.77,26.78,26.78,25.96,25.89,26.78,26.78,26.78,26.78,26.78,26.01,25.89,25.89,25.89,25.89,25.89,26.04,25.89,25.89,26.04,25.89,25.89,26.04,25.89,25.89,25.89,26.78,25.89,26.78,25.89,26.78,25.89,25.89,25.89,25.89,25.89,25.89,25.89,25.89,25.89,25.89,25.89,25.89,25.89,26.78,25.89,25.89,25.89,25.89,25.89,25.89,25.89,25.89,25.89,25.89,25.89,25.89,26.64,25.89,26.64
1965,26.13,26.75,26.75,26.75,25.92,25.85,26.75,26.75,26.75,26.75,26.75,25.97,25.85,25.85,25.85,25.85,25.85,26.01,25.85,25.85,26.01,25.85,25.85,26.01,25.85,25.85,25.85,26.75,25.85,26.75,25.85,26.75,25.85,25.85,25.85,25.85,25.85,25.85,25.85,25.85,25.85,25.85,25.85,25.85,25.85,26.75,25.85,25.85,25.85,25.85,25.85,25.85,25.85,25.85,25.85,25.85,25.85,25.85,26.61,25.85,26.61
1966,26.58,27.25,27.22,27.22,26.37,26.30,27.22,27.22,27.22,27.22,27.22,26.42,26.30,26.30,26.30,26.30,26.30,26.46,26.30,26.30,26.46,26.30,26.30,26.46,26.30,26.30,26.30,27.22,26.30,27.22,26.30,27.22,26.30,26.30,26.30,26.30,26.30,26.30,26.30,26.30,26.30,26.30,26.30,26.30,26.30,27.22,26.30,26.30,26.30,26.30,26.30,26.30,26.30,26.30,26.30,26.30,26.30,26.30,27.08,26.30,27.08
1967,26.55,27.17,27.19,27.19,26.34,26.27,27.19,27.19,27.19,27.19,27.19,26.39,26.27,26.27,26.27,26.27,26.27,26.43,26.27,26.27,26.43,26.27,26.27,26.43,26.27,26.27,26.27,27.19,26.27,27.19,26.27,27.19,26.27,26.27,26.27,26.27,26.27,26.27,26.27,26.27,26.27,26.27,26.27,26.27,26.27,27.19,26.27,26.27,26.27,26.27,26.27,26.27,26.27,26.27,26.27,26.27,26.27,26.27,27.05,26.27,27.05
1968,26.42,26.74,27.06,27.06,26.20,26.13,27.06,27.06,27.06,27.06,27.06,26.25,26.13,26.13,26.13,26.13,26.13,26.29,26.13,26.13,26.29,26.13,26.13,26.29,26.13,26.13,26.13,27.06,26.13,27.06,26.13,27.06,26.13,26.13,26.13,26.13,26.13,26.13,26.13,26.13,26.13,26.13,26.13,26.13,26.13,27.06,26.13,26.13,26.13,26.13,26.13,26.13,26.13,26.13,26.13,26.13,26.13,26.13,26.92,26.13,26.92
1969,26.75,27.33,27.39,27.39,26.54,26.47,27.39,27.39,27.39,27.39,27.39,26.59,26.47,26.47,26.47,26.47,26.47,26.63,26.47,26.47,26.63,26.47,26.47,26.63,26.47,26.47,26.47,27.39,26.47,27.39,26.47,27.39,26.47,26.47,26.47,26.47,26.47,26.47,26.47,26.47,26.47,26.47,26.47,26.47,26.47,27.39,26.47,26.47,26.47,26.47,26.47,26.47,26.47,26.47,26.47,26.47,26.47,26.47,27.25,26.47,27.25
1970,26.72,27.17,27.35,27.35,26.51,26.44,27.35,27.35,27.35,27.35,27.35,26.56,26.44,26.44,26.44,26.44,26.44,26.60,26.44,26.44,26.60,26.44,26.44,26.60,26.44,26.44,26.44,27.35,26.44,27.35,26.44,27.35,26.44,26.44,26.44,26.44,26.44,26.44,26.44,26.44,26.44,26.44,26.44,26.44,26.44,27.35,26.44,26.44,26.44,26.44,26.44,26.44,26.44,26.44,26.44,26.44,26.44,26.44,27.21,26.44,27.21
1971,26.07,26.49,26.72,26.72,25.85,25.78,26.72,26.72,26.72,26.72,26.72,25.90,25.78,25.78,25.78,25.78,25.78,25.94,25.78,25.78,25.94,25.78,25.78,25.94,25.78,25.78,25.78,26.72,25.78,26.72,25.78,26.72,25.78,25.78,25.78,25.78,25.78,25.78,25.78,25.78,25.78,25.78,25.78,25.78,25.78,26.72,25.78,25.78,25.78,25.78,25.78,25.78,25.78,25.78,25.78,25.78,25.78,25.78,26.57,25.78,26.57
1972,26.40,26.90,27.05,27.05,26.18,26.11,27.05,27.05,27.05,27.05,27.05,26.23,26.11,26.11,26.11,26.11,26.11,26.27,26.11,26.11,26.27,26.11,26.11,26.27,26.11,26.11,26.11,27.05,26.11,27.05,26.11,27.05,26.11,26.11,26.11,26.11,26.11,26.11,26.11,26.11,26.11,26.11,26.11,26.11,26.11,27.05,26.11,26.11,26.11,26.11,26.11,26.11,26.11,26.11,26.11,26.11,26.11,26.11,26.90,26.11,26.90
1973,26.62,26.87,27.25,27.25,26.41,26.34,27.25,27.25,27.25,27.25,27.25,26.46,26.34,26.34,26.34,26.34,26.34,26.50,26.34,26.34,26.50,26.34,26.34,26.50,26.34,26.34,26.34,27.25,26.34,27.25,26.34,27.25,26.34,26.34,26.34,26.34,26.34,26.34,26.34,26.34,26.34,26.34,26.34,26.34,26.34,27.25,26.34,26.34,26.34,26.34,26.34,26.34,26.34,26.34,26.34,26.34,26.34,26.34,27.11,26.34,27.11
1974,25.83,26.46,26.47,26.47,25.61,25.54,26.47,26.47,26.47,26.47,26.47,25.66,25.54,25.54,25.54,25.54,25.54,25.70,25.54,25.54,25.70,25.54,25.54,25.70,25.54,25.54,25.54,26.47,25.54,26.47,25.54,26.47,25.54,25.54,25.54,25.54,25.54,25.54,25.54,25.54,25.54,25.54,25.54,25.54,25.54,26.47,25.54,25.54,25.54,25.54,25.54,25.54,25.54,25.54,25.54,25.54,25.54,25.54,26.33,25.54,26.33
1975,26.08,26.58,26.72,26.72,25.86,25.79,26.72,26.72,26.72,26.72,26.72,25.91,25.79,25.79,25.79,25.79,25.79,25.95,25.79,25.79,25.95,25.79,25.79,25.95,25.79,25.79,25.79,26.72,25.79,26.72,25.79,26.72,25.79,25.79,25.79,25.79,25.79,25.79,25.79,25.79,25.79,25.79,25.79,25.79,25.79,26.72,25.79,25.79,25.79,25.79,25.79,25.79,25.79,25.79,25.79,25.79,25.79,25.79,26.58,25.79,26.58
1976,26.20,26.73,26.85,26.85,25.98,25.91,26.85,26.85,26.85,26.85,26.85,26.03,25.91,25.91,25.91,25.91,25.91,26.07,25.91,25.91,26.07,25.91,25.91,26.07,25.91,25.91,25.91,26.85,25.91,26.85,25.91,26.85,25.91,25.91,25.91,25.91,25.91,25.91,25.91,25.91,25.91,25.91,25.91,25.91,25.91,26.85,25.91,25.91,25.91,25.91,25.91,25.91,25.91,25.91,25.91,25.91,25.91,25.91,26.70,25.91,26.70
1977,26.61,27.10,27.27,27.27,26.39,26.32,27.27,27.27,27.27,27.27,27.27,26.44,26.32,26.32,26.32,26.32,26.32,26.49,26.32,26.32,26.49,26.32,26.32,26.49,26.32,26.32,26.32,27.27,26.32,27.27,26.32,27.27,26.32,26.32,26.32,26.32,26.32,26.32,26.32,26.32,26.32,26.32,26.32,26.32,26.32,27.27,26.32,26.32,26.32,26.32,26.32,26.32,26.32,26.32,26.32,26.32,26.32,26.32,27.12,26.32,27.12
1978,26.70,26.98,27.34,27.34,26.48,26.41,27.34,27.34,27.34,27.34,27.34,26.53,26.41,26.41,26.41,26.41,26.41,26.57,26.41,26.41,26.57,26.41,26.41,26.57,26.41,26.41,26.41,27.34,26.41,27.34,26.41,27.34,26.41,26.41,26.41,26.41,26.41,26.41,26.41,26.41,26.41,26.41,26.41,26.41,26.41,27.34,26.41,26.41,26.41,26.41,26.41,26.41,26.41,26.41,26.41,26.41,26.41,26.41,27.20,26.41,27.20
1979,26.60,27.01,27.24,27.24,26.39,26.32,27.24,27.24,27.24,27.24,27.24,26.44,26.32,26.32,26.32,26.32,26.32,26.48,26.32,26.32,26.48,26.32,26.32,26.48,26.32,26.32,26.32,27.24,26.32,27.24,26.32,27.24,26.32,26.32,26.32,26.32,26.32,26.32,26.32,26.32,26.32,26.32,26.32,26.32,26.32,27.24,26.32,26.32,26.32,26.32,26.32,26.32,26.32,26.32,26.32,26.32,26.32,26.32,27.10,26.32,27.10
1980,26.67,26.98,27.32,27.32,26.45,26.38,27.32,27.32,27.32,27.32,27.32,26.50,26.38,26.38,26.38,26.38,26.38,26.54,26.38,26.38,26.54,26.38,26.38,26.54,26.38,26.38,26.38,27.32,26.38,27.32,26.38,27.32,26.38,26.38,26.38,26.38,26.38,26.38,26.38,26.38,26.38,26.38,26.38,26.38,26.38,27.32,26.38,26.38,26.38,26.38,26.38,26.38,26.38,26.38,26.38,26.38,26.38,26.38,27.17,26.38,27.17
1981,26.66,26.86,27.32,27.32,26.44,26.37,27.32,27.32,27.32,27.32,27.32,26.49,26.37,26.37,26.37,26.37,26.37,26.54,26.37,26.37,26.54,26.37,26.37,26.54,26.37,26.37,26.37,27.32,26.37,27.32,26.37,27.32,26.37,26.37,26.37,26.37,26.37,26.37,26.37,26.37,26.37,26.37,26.37,26.37,26.37,27.32,26.37,26.37,26.37,26.37,26.37,26.37,26.37,26.37,26.37,26.37,26.37,26.37,27.17,26.37,27.17
1982,26.87,27.04,27.51,27.51,26.66,26.59,27.51,27.51,27.51,27.51,27.51,26.71,26.59,26.59,26.59,26.59,26.59,26.75,26.59,26.59,26.75,26.59,26.59,26.75,26.59,26.59,26.59,27.51,26.59,27.51,26.59,27.51,26.59,26.59,26.59,26.59,26.59,26.59,26.59,26.59,26.59,26.59,26.59,26.59,26.59,27.51,26.59,26.59,26.59,26.59,26.59,26.59,26.59,26.59,26.59,26.59,26.59,26.59,27.37,26.59,27.37
1983,26.89,27.11,27.53,27.53,26.67,26.60,27.53,27.53,27.53,27.53,27.53,26.72,26.60,26.60,26.60,26.60,26.60,26.76,26.60,26.60,26.76,26.60,26.60,26.76,26.60,26.60,26.60,27.53,26.60,27.53,26.60,27.53,26.60,26.60,26.60,26.60,26.60,26.60,26.60,26.60,26.60,26.60,26.60,26.60,26.60,27.53,26.60,26.60,26.60,26.60,26.60,26.60,26.60,26.60,26.60,26.60,26.60,26.60,27.39,26.60,27.39
1984,26.11,26.46,26.75,26.75,25.89,25.82,26.75,26.75,26.75,26.75,26.75,25.94,25.82,25.82,25.82,25.82,25.82,25.98,25.82,25.82,25.98,25.82,25.82,25.98,25.82,25.82,25.82,26.75,25.82,26.75,25.82,26.75,25.82,25.82,25.82,25.82,25.82,25.82,25.82,25.82,25.82,25.82,25.82,25.82,25.82,26.75,25.82,25.82,25.82,25.82,25.82,25.82,25.82,25.82,25.82,25.82,25.82,25.82,26.61,25.82,26.61
1985,26.30,26.69,26.94,26.94,26.09,26.02,26.94,26.94,26.94,26.94,26.94,26.14,26.02,26.02,26.02,26.02,26.02,26.18,26.02,26.02,26.18,26.02,26.02,26.18,26.02,26.02,26.02,26.94,26.02,26.94,26.02,26.94,26.02,26.02,26.02,26.02,26.02,26.02,26.02,26.02,26.02,26.02,26.02,26.02,26.02,26.94,26.02,26.02,26.02,26.02,26.02,26.02,26.02,26.02,26.02,26.02,26.02,26.02,26.80,26.02,26.80
1986,26.61,26.85,27.26,27.26,26.39,26.32,27.26,27.26,27.26,27.26,27.26,26.44,26.32,26.32,26.32,26.32,26.32,26.48,26.32,26.32,26.48,26.32,26.32,26.48,26.32,26.32,26.32,27.26,26.32,27.26,26.32,27.26,26.32,26.32,26.32,26.32,26.32,26.32,26.32,26.32,26.32,26.32,26.32,26.32,26.32,27.26,26.32,26.32,26.32,26.32,26.32,26.32,26.32,26.32,26.32,26.32,26.32,26.32,27.11,26.32,27.11
1987,27.11,27.35,27.75,27.75,26.89,26.82,27.75,27.75,27.75,27.75,27.75,26.94,26.82,26.82,26.82,26.82,26.82,26.98,26.82,26.82,26.98,26.82,26.82,26.98,26.82,26.82,26.82,27.75,26.82,27.75,26.82,27.75,26.82,26.82,26.82,26.82,26.82,26.82,26.82,26.82,26.82,26.82,26.82,26.82,26.82,27.75,26.82,26.82,26.82,26.82,26.82,26.82,26.82,26.82,26.82,26.82,26.82,26.82,27.61,26.82,27.61
1988,26.76,27.26,27.40,27.40,26.55,26.48,27.40,27.40,27.40,27.40,27.40,26.60,26.48,26.48,26.48,26.48,26.48,26.64,26.48,26.48,26.64,26.48,26.48,26.64,26.48,26.48,26.48,27.40,26.48,27.40,26.48,27.40,26.48,26.48,26.48,26.48,26.48,26.48,26.48,26.48,26.48,26.48,26.48,26.48,26.48,27.40,26.48,26.48,26.48,26.48,26.48,26.48,26.48,26.48,26.48,26.48,26.48,26.48,27.26,26.48,27.26
1989,26.37,26.65,27.01,27.01,26.15,26.08,27.01,27.01,27.01,27.01,27.01,26.20,26.08,26.08,26.08,26.08,26.08,26.24,26.08,26.08,26.24,26.08,26.08,26.24,26.08,26.08,26.08,27.01,26.08,27.01,26.08,27.01,26.08,26.08,26.08,26.08,26.08,26.08,26.08,26.08,26.08,26.08,26.08,26.08,26.08,27.01,26.08,26.08,26.08,26.08,26.08,26.08,26.08,26.08,26.08,26.08,26.08,26.08,26.87,26.08,26.87
1990,26.63,27.09,27.27,27.27,26.42,26.35,27.27,27.27,27.27,27.27,27.27,26.47,26.35,26.35,26.35,26.35,26.35,26.51,26.35,26.35,26.51,26.35,26.35,26.51,26.35,26.35,26.35,27.27,26.35,27.27,26.35,27.27,26.35,26.35,26.35,26.35,26.35,26.35,26.35,26.35,26.35,26.35,26.35,26.35,26.35,27.27,26.35,26.35,26.35,26.35,26.35,26.35,26.35,26.35,26.35,26.35,26.35,26.35,27.13,26.35,27.13
1991,26.78,26.97,27.42,27.42,26.56,26.49,27.42,27.42,27.42,27.42,27.42,26.61,26.49,26.49,26.49,26.49,26.49,26.65,26.49,26.49,26.65,26.49,26.49,26.65,26.49,26.49,26.49,27.42,26.49,27.42,26.49,27.42,26.49,26.49,26.49,26.49,26.49,26.49,26.49,26.49,26.49,26.49,26.49,26.49,26.49,27.42,26.49,26.49,26.49,26.49,26.49,26.49,26.49,26.49,26.49,26.49,26.49,26.49,27.28,26.49,27.28
1992,26.41,26.98,27.05,27.05,26.19,26.12,27.05,27.05,27.05,27.05,27.05,26.24,26.12,26.12,26.12,26.12,26.12,26.28,26.12,26.12,26.28,26.12,26.12,26.28,26.12,26.12,26.12,27.05,26.12,27.05,26.12,27.05,26.12,26.12,26.12,26.12,26.12,26.12,26.12,26.12,26.12,26.12,26.12,26.12,26.12,27.05,26.12,26.12,26.12,26.12,26.12,26.12,26.12,26.12,26.12,26.12,26.12,26.12,26.91,26.12,26.91
1993,26.42,26.95,27.06,27.06,26.21,26.14,27.06,27.06,27.06,27.06,27.06,26.26,26.14,26.14,26.14,26.14,26.14,26.30,26.14,26.14,26.30,26.14,26.14,26.30,26.14,26.14,26.14,27.06,26.14,27.06,26.14,27.06,26.14,26.14,26.14,26.14,26.14,26.14,26.14,26.14,26.14,26.14,26.14,26.14,26.14,27.06,26.14,26.14,26.14,26.14,26.14,26.14,26.14,26.14,26.14,26.14,26.14,26.14,26.92,26.14,26.92
1994,26.74,27.20,27.38,27.38,26.52,26.45,27.38,27.38,27.38,27.38,27.38,26.57,26.45,26.45,26.45,26.45,26.45,26.61,26.45,26.45,26.61,26.45,26.45,26.61,26.45,26.45,26.45,27.38,26.45,27.38,26.45,27.38,26.45,26.45,26.45,26.45,26.45,26.45,26.45,26.45,26.45,26.45,26.45,26.45,26.45,27.38,26.45,26.45,26.45,26.45,26.45,26.45,26.45,26.45,26.45,26.45,26.45,26.45,27.24,26.45,27.24
1995,26.80,27.13,27.45,27.45,26.58,26.51,27.45,27.45,27.45,27.45,27.45,26.63,26.51,26.51,26.51,26.51,26.51,26.67,26.51,26.51,26.67,26.51,26.51,26.67,26.51,26.51,26.51,27.45,26.51,27.45,26.51,27.45,26.51,26.51,26.51,26.51,26.51,26.51,26.51,26.51,26.51,26.51,26.51,26.51,26.51,27.45,26.51,26.51,26.51,26.51,26.51,26.51,26.51,26.51,26.51,26.51,26.51,26.51,27.30,26.51,27.30
1996,26.44,26.89,27.08,27.08,26.22,26.15,27.08,27.08,27.08,27.08,27.08,26.27,26.15,26.15,26.15,26.15,26.15,26.31,26.15,26.15,26.31,26.15,26.15,26.31,26.15,26.15,26.15,27.08,26.15,27.08,26.15,27.08,26.15,26.15,26.15,26.15,26.15,26.15,26.15,26.15,26.15,26.15,26.15,26.15,26.15,27.08,26.15,26.15,26.15,26.15,26.15,26.15,26.15,26.15,26.15,26.15,26.15,26.15,26.94,26.15,26.94
1997,27.04,27.24,27.70,27.70,26.82,26.75,27.70,27.70,27.70,27.70,27.70,26.87,26.75,26.75,26.75,26.75,26.75,26.92,26.75,26.75,26.92,26.75,26.75,26.92,26.75,26.75,26.75,27.70,26.75,27.70,26.75,27.70,26.75,26.75,26.75,26.75,26.75,26.75,26.75,26.75,26.75,26.75,26.75,26.75,26.75,27.70,26.75,26.75,26.75,26.75,26.75,26.75,26.75,26.75,26.75,26.75,26.75,26.75,27.55,26.75,27.55
1998,27.12,27.51,27.78,27.78,26.89,26.82,27.78,27.78,27.78,27.78,27.78,26.94,26.82,26.82,26.82,26.82,26.82,26.99,26.82,26.82,26.99,26.82,26.82,26.99,26.82,26.82,26.82,27.78,26.82,27.78,26.82,27.78,26.82,26.82,26.82,26.82,26.82,26.82,26.82,26.82,26.82,26.82,26.82,26.82,26.82,27.78,26.82,26.82,26.82,26.82,26.82,26.82,26.82,26.82,26.82,26.82,26.82,26.82,27.63,26.82,27.63
1999,26.59,27.09,27.23,27.23,26.37,26.30,27.23,27.23,27.23,27.23,27.23,26.42,26.30,26.30,26.30,26.30,26.30,26.46,26.30,26.30,26.46,26.30,26.30,26.46,26.30,26.30,26.30,27.23,26.30,27.23,26.30,27.23,26.30,26.30,26.30,26.30,26.30,26.30,26.30,26.30,26.30,26.30,26.30,26.30,26.30,27.23,26.30,26.30,26.30,26.30,26.30,26.30,26.30,26.30,26.30,26.30,26.30,26.30,27.09,26.30,27.09
2000,26.54,27.04,27.18,27.18,26.33,26.26,27.18,27.18,27.18,27.18,27.18,26.38,26.26,26.26,26.26,26.26,26.26,26.42,26.26,26.26,26.42,26.26,26.26,26.42,26.26,26.26,26.26,27.18,26.26,27.18,26.26,27.18,26.26,26.26,26.26,26.26,26.26,26.26,26.26,26.26,26.26,26.26,26.26,26.26,26.26,27.18,26.26,26.26,26.26,26.26,26.26,26.26,26.26,26.26,26.26,26.26,26.26,26.26,27.04,26.26,27.04
2001,26.75,27.14,27.41,27.41,26.53,26.46,27.41,27.41,27.41,27.41,27.41,26.58,26.46,26.46,26.46,26.46,26.46,26.63,26.46,26.46,26.63,26.46,26.46,26.63,26.46,26.46,26.46,27.41,26.46,27.41,26.46,27.41,26.46,26.46,26.46,26.46,26.46,26.46,26.46,26.46,26.46,26.46,26.46,26.46,26.46,27.41,26.46,26.46,26.46,26.46,26.46,26.46,26.46,26.46,26.46,26.46,26.46,26.46,27.26,26.46,27.26
2002,26.81,27.05,27.47,27.47,26.58,26.51,27.47,27.47,27.47,27.47,27.47,26.63,26.51,26.51,26.51,26.51,26.51,26.68,26.51,26.51,26.68,26.51,26.51,26.68,26.51,26.51,26.51,27.47,26.51,27.47,26.51,27.47,26.51,26.51,26.51,26.51,26.51,26.51,26.51,26.51,26.51,26.51,26.51,26.51,26.51,27.47,26.51,26.51,26.51,26.51,26.51,26.51,26.51,26.51,26.51,26.51,26.51,26.51,27.32,26.51,27.32
2003,26.89,27.19,27.54,27.54,26.67,26.60,27.54,27.54,27.54,27.54,27.54,26.72,26.60,26.60,26.60,26.60,26.60,26.76,26.60,26.60,26.76,26.60,26.60,26.76,26.60,26.60,26.60,27.54,26.60,27.54,26.60,27.54,26.60,26.60,26.60,26.60,26.60,26.60,26.60,26.60,26.60,26.60,26.60,26.60,26.60,27.54,26.60,26.60,26.60,26.60,26.60,26.60,26.60,26.60,26.60,26.60,26.60,26.60,27.39,26.60,27.39
2004,26.65,27.05,27.29,27.29,26.43,26.36,27.29,27.29,27.29,27.29,27.29,26.48,26.36,26.36,26.36,26.36,26.36,26.52,26.36,26.36,26.52,26.36,26.36,26.52,26.36,26.36,26.36,27.29,26.36,27.29,26.36,27.29,26.36,26.36,26.36,26.36,26.36,26.36,26.36,26.36,26.36,26.36,26.36,26.36,26.36,27.29,26.36,26.36,26.36,26.36,26.36,26.36,26.36,26.36,26.36,26.36,26.36,26.36,27.15,26.36,27.15
2005,26.78,27.35,27.44,27.44,26.56,26.49,27.44,27.44,27.44,27.44,27.44,26.61,26.49,26.49,26.49,26.49,26.49,26.66,26.49,26.49,26.66,26.49,26.49,26.66,26.49,26.49,26.49,27.44,26.49,27.44,26.49,27.44,26.49,26.49,26.49,26.49,26.49,26.49,26.49,26.49,26.49,26.49,26.49,26.49,26.49,27.44,26.49,26.49,26.49,26.49,26.49,26.49,26.49,26.49,26.49,26.49,26.49,26.49,27.29,26.49,27.29
2006,26.90,27.20,27.54,27.54,26.68,26.61,27.54,27.54,27.54,27.54,27.54,26.73,26.61,26.61,26.61,26.61,26.61,26.77,26.61,26.61,26.77,26.61,26.61,26.77,26.61,26.61,26.61,27.54,26.61,27.54,26.61,27.54,26.61,26.61,26.61,26.61,26.61,26.61,26.61,26.61,26.61,26.61,26.61,26.61,26.61,27.54,26.61,26.61,26.61,26.61,26.61,26.61,26.61,26.61,26.61,26.61,26.61,26.61,27.40,26.61,27.40
2007,27.07,27.53,27.71,27.71,26.85,26.78,27.71,27.71,27.71,27.71,27.71,26.90,26.78,26.78,26.78,26.78,26.78,26.94,26.78,26.78,26.94,26.78,26.78,26.94,26.78,26.78,26.78,27.71,26.78,27.71,26.78,27.71,26.78,26.78,26.78,26.78,26.78,26.78,26.78,26.78,26.78,26.78,26.78,26.78,26.78,27.71,26.78,26.78,26.78,26.78,26.78,26.78,26.78,26.78,26.78,26.78,26.78,26.78,27.57,26.78,27.57
2008,26.78,27.15,27.42,27.42,26.56,26.49,27.42,27.42,27.42,27.42,27.42,26.61,26.49,26.49,26.49,26.49,26.49,26.65,26.49,26.49,26.65,26.49,26.49,26.65,26.49,26.49,26.49,27.42,26.49,27.42,26.49,27.42,26.49,26.49,26.49,26.49,26.49,26.49,26.49,26.49,26.49,26.49,26.49,26.49,26.49,27.42,26.49,26.49,26.49,26.49,26.49,26.49,26.49,26.49,26.49,26.49,26.49,26.49,27.28,26.49,27.28
2009,27.14,27.58,27.78,27.78,26.93,26.86,27.78,27.78,27.78,27.78,27.78,26.98,26.86,26.86,26.86,26.86,26.86,27.02,26.86,26.86,27.02,26.86,26.86,27.02,26.86,26.86,26.86,27.78,26.86,27.78,26.86,27.78,26.86,26.86,26.86,26.86,26.86,26.86,26.86,26.86,26.86,26.86,26.86,26.86,26.86,27.78,26.86,26.86,26.86,26.86,26.86,26.86,26.86,26.86,26.86,26.86,26.86,26.86,27.64,26.86,27.64
2010,27.31,27.55,27.97,27.97,27.09,27.02,27.97,27.97,27.97,27.97,27.97,27.14,27.02,27.02,27.02,27.02,27.02,27.19,27.02,27.02,27.19,27.02,27.02,27.19,27.02,27.02,27.02,27.97,27.02,27.97,27.02,27.97,27.02,27.02,27.02,27.02,27.02,27.02,27.02,27.02,27.02,27.02,27.02,27.02,27.02,27.97,27.02,27.02,27.02,27.02,27.02,27.02,27.02,27.02,27.02,27.02,27.02,27.02,27.82,27.02,27.82
2011,27.16,27.44,27.80,27.80,26.94,26.87,27.80,27.80,27.80,27.80,27.80,26.99,26.87,26.87,26.87,26.87,26.87,27.03,26.87,26.87,27.03,26.87,26.87,27.03,26.87,26.87,26.87,27.80,26.87,27.80,26.87,27.80,26.87,26.87,26.87,26.87,26.87,26.87,26.87,26.87,26.87,26.87,26.87,26.87,26.87,27.80,26.87,26.87,26.87,26.87,26.87,26.87,26.87,26.87,26.87,26.87,26.87,26.87,27.66,26.87,27.66
2012,27.12,27.32,27.76,27.76,26.90,26.83,27.76,27.76,27.76,27.76,27.76,26.95,26.83,26.83,26.83,26.83,26.83,26.99,26.83,26.83,26.99,26.83,26.83,26.99,26.83,26.83,26.83,27.76,26.83,27.76,26.83,27.76,26.83,26.83,26.83,26.83,26.83,26.83,26.83,26.83,26.83,26.83,26.83,26.83,26.83,27.76,26.83,26.83,26.83,26.83,26.83,26.83,26.83,26.83,26.83,26.83,26.83,26.83,27.62,26.83,27.62
2013,27.11,27.38,27.75,27.75,26.90,26.83,27.75,27.75,27.75,27.75,27.75,26.95,26.83,26.83,26.83,26.83,26.83,26.99,26.83,26.83,26.99,26.83,26.83,26.99,26.83,26.83,26.83,27.75,26.83,27.75,26.83,27.75,26.83,26.83,26.83,26.83,26.83,26.83,26.83,26.83,26.83,26.83,26.83,26.83,26.83,27.75,26.83,26.83,26.83,26.83,26.83,26.83,26.83,26.83,26.83,26.83,26.83,26.83,27.61,26.83,27.61
2014,27.11,27.40,27.76,27.76,26.89,26.82,27.76,27.76,27.76,27.76,27.76,26.94,26.82,26.82,26.82,26.82,26.82,26.98,26.82,26.82,26.98,26.82,26.82,26.98,26.82,26.82,26.82,27.76,26.82,27.76,26.82,27.76,26.82,26.82,26.82,26.82,26.82,26.82,26.82,26.82,26.82,26.82,26.82,26.82,26.82,27.76,26.82,26.82,26.82,26.82,26.82,26.82,26.82,26.82,26.82,26.82,26.82,26.82,27.61,26.82,27.61
2015,27.48,27.61,28.14,28.14,27.26,27.19,28.14,28.14,28.14,28.14,28.14,27.31,27.19,27.19,27.19,27.19,27.19,27.36,27.19,27.19,27.36,27.19,27.19,27.36,27.19,27.19,27.19,28.14,27.19,28.14,27.19,28.14,27.19,27.19,27.19,27.19,27.19,27.19,27.19,27.19,27.19,27.19,27.19,27.19,27.19,28.14,27.19,27.19,27.19,27.19,27.19,27.19,27.19,27.19,27.19,27.19,27.19,27.19,27.99,27.19,27.99
2016,27.28,27.43,27.92,27.92,27.07,27.00,27.92,27.92,27.92,27.92,27.92,27.12,27.00,27.00,27.00,27.00,27.00,27.16,27.00,27.00,27.16,27.00,27.00,27.16,27.00,27.00,27.00,27.92,27.00,27.92,27.00,27.92,27.00,27.00,27.00,27.00,27.00,27.00,27.00,27.00,27.00,27.00,27.00,27.00,27.00,27.92,27.00,27.00,27.00,27.00,27.00,27.00,27.00,27.00,27.00,27.00,27.00,27.00,27.78,27.00,27.78
2017,27.25,27.68,27.90,27.90,27.03,26.96,27.90,27.90,27.90,27.90,27.90,27.08,26.96,26.96,26.96,26.96,26.96,27.12,26.96,26.96,27.12,26.96,26.96,27.12,26.96,26.96,26.96,27.90,26.96,27.90,26.96,27.90,26.96,26.96,26.96,26.96,26.96,26.96,26.96,26.96,26.96,26.96,26.96,26.96,26.96,27.90,26.96,26.96,26.96,26.96,26.96,26.96,26.96,26.96,26.96,26.96,26.96,26.96,27.75,26.96,27.75
2018,27.17,27.50,27.81,27.81,26.95,26.88,27.81,27.81,27.81,27.81,27.81,27.00,26.88,26.88,26.88,26.88,26.88,27.04,26.88,26.88,27.04,26.88,26.88,27.04,26.88,26.88,26.88,27.81,26.88,27.81,26.88,27.81,26.88,26.88,26.88,26.88,26.88,26.88,26.88,26.88,26.88,26.88,26.88,26.88,26.88,27.81,26.88,26.88,26.88,26.88,26.88,26.88,26.88,26.88,26.88,26.88,26.88,26.88,27.67,26.88,27.67
2019,27.29,27.83,27.93,27.93,27.08,27.01,27.93,27.93,27.93,27.93,27.93,27.13,27.01,27.01,27.01,27.01,27.01,27.17,27.01,27.01,27.17,27.01,27.01,27.17,27.01,27.01,27.01,27.93,27.01,27.93,27.01,27.93,27.01,27.01,27.01,27.01,27.01,27.01,27.01,27.01,27.01,27.01,27.01,27.01,27.01,27.93,27.01,27.01,27.01,27.01,27.01,27.01,27.01,27.01,27.01,27.01,27.01,27.01,27.79,27.01,27.79
2020,27.26,27.80,27.91,27.91,27.04,26.97,27.91,27.91,27.91,27.91,27.91,27.09,26.97,26.97,26.97,26.97,26.97,27.13,26.97,26.97,27.13,26.97,26.97,27.13,26.97,26.97,26.97,27.91,26.97,27.91,26.97,27.91,26.97,26.97,26.97,26.97,26.97,26.97,26.97,26.97,26.97,26.97,26.97,26.97,26.97,27.91,26.97,26.97,26.97,26.97,26.97,26.97,26.97,26.97,26.97,26.97,26.97,26.97,27.76,26.97,27.76
2021,27.07,27.54,27.71,27.71,26.86,26.79,27.71,27.71,27.71,27.71,27.71,26.91,26.79,26.79,26.79,26.79,26.79,26.95,26.79,26.79,26.95,26.79,26.79,26.95,26.79,26.79,26.79,27.71,26.79,27.71,26.79,27.71,26.79,26.79,26.79,26.79,26.79,26.79,26.79,26.79,26.79,26.79,26.79,26.79,26.79,27.71,26.79,26.79,26.79,26.79,26.79,26.79,26.79,26.79,26.79,26.79,26.79,26.79,27.57,26.79,27.57
