Thailand,"Amnat Charoen","Ang Thong",Bangkok,Buriram,Chachoengsao,Chainat,Chaiyaphum,Chanthaburi,"Chiang Mai","Chiang Rai",Chonburi,Chumphon,Kalasin,"Kampaeng Phet",Kanchanaburi,"Khon Kaen",Krabi,Lampang,Lamphun,Loei,Lopburi,"Mae Hong Son","Maha Sarakham",Mukdahan,"Nakhon Nayok","Nakhon Pathom","Nakhon Phanom","Nakhon Ratchasima","Nakhon Sawan","Nakhon Si Thammarat",Nan,Narathiwat,"Nong Bua Lamphu","Nong Khai",Nonthaburi,"Pathum Thani",Pattani,Phachinburi,Phangnga,Phatthalung,Phayao,Phetchabun,Phetchaburi,Phichit,Phitsanulok,"Phra Nakhon Si Ayudhya",Phrae,Phuket,"Prachuap Khilikhan",Ranong,Ratchaburi,Rayong,"Roi Et","Sa Kaeo","Sakon Nakhon","Samut Prakarn","Samut Sakhon","Samut Songkham",Saraburi,Satun,"Si Saket",Singburi,Songkhla,Sukhothai,Suphanburi,"Surat Thani",Surin,Tak,Trad,Trang,"Ubon Ratchathani","Udon Thani","Uthai Thani",Uttaradit,Yala,Yasothon
1901,26.60,26.72,28.79,28.83,27.29,28.27,28.47,26.40,27.21,23.68,24.11,28.19,27.35,26.54,27.30,26.32,26.94,27.80,25.78,25.35,25.34,28.00,23.90,27.19,26.08,27.63,28.84,26.14,27.10,28.07,27.35,24.38,26.63,26.51,26.38,28.87,28.77,27.30,27.44,27.79,27.57,24.73,26.51,27.06,28.33,26.81,28.75,26.15,28.04,27.07,27.11,27.65,28.10,27.00,27.56,26.39,28.81,28.84,28.10,27.84,27.69,27.21,28.76,27.44,27.90,28.30,27.35,27.31,25.22,26.43,27.58,26.95,26.64,26.64,26.20,26.15,26.82
1902,26.52,26.73,28.67,28.77,27.27,28.23,28.34,26.34,27.23,23.50,23.94,28.16,27.29,26.53,27.16,26.13,26.90,27.74,25.64,25.20,25.27,27.91,23.73,27.17,26.08,27.57,28.73,26.14,27.05,27.96,27.36,24.27,26.66,26.46,26.34,28.78,28.68,27.30,27.39,27.64,27.60,24.59,26.42,26.96,28.22,26.72,28.65,26.02,27.88,27.02,27.01,27.51,28.10,26.98,27.54,26.37,28.76,28.75,28.00,27.77,27.70,27.22,28.64,27.48,27.78,28.16,27.29,27.30,25.06,26.44,27.58,26.96,26.60,26.50,26.11,26.19,26.81
1903,26.20,26.40,28.30,28.39,26.84,27.83,27.97,25.92,26.82,23.31,23.81,27.79,27.01,26.15,26.81,25.81,26.48,27.54,25.35,24.92,24.87,27.51,23.58,26.75,25.75,27.18,28.37,25.84,26.63,27.58,27.14,23.95,26.55,26.05,26.00,28.41,28.29,27.19,26.98,27.44,27.43,24.35,26.02,26.62,27.84,26.33,28.26,25.69,27.72,26.68,26.74,27.18,27.70,26.59,27.14,26.03,28.37,28.39,27.65,27.36,27.57,26.87,28.27,27.33,27.43,27.81,27.05,26.91,24.74,26.06,27.41,26.67,26.21,26.14,25.72,26.08,26.46
1904,26.05,26.26,28.14,28.21,26.74,27.69,27.80,25.82,26.67,23.12,23.65,27.62,26.76,26.04,26.65,25.60,26.39,27.34,25.21,24.76,24.79,27.38,23.37,26.65,25.63,27.04,28.18,25.71,26.51,27.43,26.92,23.88,26.46,25.97,25.91,28.23,28.13,27.03,26.85,27.22,27.25,24.25,25.91,26.38,27.72,26.22,28.10,25.59,27.53,26.44,26.49,26.97,27.54,26.48,27.00,25.92,28.20,28.20,27.43,27.22,27.43,26.72,28.10,27.19,27.31,27.62,26.82,26.78,24.56,25.89,27.23,26.50,26.12,25.96,25.65,25.99,26.33
1905,27.11,27.49,29.27,29.35,28.09,28.91,28.93,27.11,27.97,23.81,24.24,28.82,27.71,27.28,27.73,26.62,27.67,28.06,26.14,25.64,25.99,28.58,23.93,27.96,26.82,28.25,29.29,26.79,27.82,28.57,27.78,24.84,27.00,27.19,26.99,29.35,29.29,27.74,28.11,27.94,27.99,25.05,27.13,27.45,28.87,27.37,29.26,26.62,28.13,27.50,27.38,28.00,28.77,27.77,28.32,27.07,29.35,29.32,28.52,28.43,28.01,28.03,29.24,27.86,28.38,28.72,27.67,28.14,25.55,27.24,27.92,27.73,27.31,27.03,26.76,26.51,27.60
1906,27.17,27.49,29.34,29.41,28.11,28.95,28.98,27.13,28.01,24.00,24.40,28.86,27.77,27.30,27.80,26.70,27.70,28.11,26.25,25.78,26.02,28.63,24.17,27.99,26.81,28.28,29.35,26.80,27.86,28.63,27.81,24.89,27.00,27.23,27.00,29.41,29.34,27.74,28.14,27.98,28.00,25.17,27.17,27.51,28.92,27.42,29.31,26.68,28.17,27.55,27.44,28.09,28.81,27.78,28.35,27.08,29.40,29.38,28.57,28.48,28.03,28.04,29.30,27.87,28.43,28.78,27.71,28.14,25.65,27.26,27.95,27.74,27.34,27.10,26.79,26.53,27.60
1907,26.23,26.47,28.30,28.38,26.97,27.88,27.97,26.04,26.89,23.29,23.80,27.80,26.89,26.26,26.82,25.74,26.62,27.43,25.39,24.94,25.00,27.58,23.53,26.88,25.83,27.23,28.35,25.90,26.74,27.61,27.04,24.05,26.56,26.20,26.11,28.40,28.31,27.16,27.06,27.30,27.35,24.42,26.11,26.54,27.91,26.42,28.28,25.77,27.60,26.59,26.61,27.11,27.73,26.70,27.23,26.12,28.37,28.37,27.60,27.42,27.50,26.94,28.27,27.28,27.49,27.79,26.92,27.01,24.72,26.12,27.32,26.71,26.35,26.12,25.84,26.07,26.55
1908,26.30,26.55,28.36,28.44,27.05,27.95,28.03,26.12,26.96,23.38,23.91,27.87,26.89,26.34,26.88,25.77,26.70,27.43,25.48,25.02,25.09,27.64,23.62,26.96,25.91,27.29,28.38,25.97,26.82,27.67,27.06,24.14,26.58,26.27,26.18,28.44,28.37,27.20,27.12,27.29,27.37,24.51,26.20,26.56,27.98,26.49,28.33,25.85,27.58,26.61,26.60,27.13,27.80,26.78,27.30,26.20,28.43,28.40,27.61,27.48,27.51,27.02,28.33,27.31,27.55,27.83,26.93,27.10,24.78,26.20,27.32,26.79,26.41,26.17,25.92,26.10,26.64
1909,26.33,26.58,28.41,28.49,27.10,28.00,28.07,26.17,27.00,23.43,23.96,27.91,26.92,26.38,26.91,25.81,26.75,27.44,25.50,25.04,25.12,27.69,23.67,27.02,25.94,27.34,28.44,26.01,26.87,27.71,27.07,24.17,26.60,26.32,26.22,28.50,28.42,27.22,27.18,27.32,27.38,24.55,26.23,26.59,28.00,26.51,28.39,25.88,27.58,26.64,26.63,27.17,27.83,26.83,27.35,26.23,28.48,28.47,27.66,27.53,27.51,27.06,28.38,27.31,27.58,27.88,26.95,27.15,24.80,26.24,27.34,26.82,26.46,26.20,25.94,26.12,26.66
1910,26.15,26.41,28.22,28.30,26.89,27.79,27.89,25.95,26.81,23.20,23.74,27.72,26.79,26.19,26.73,25.65,26.53,27.36,25.30,24.84,24.91,27.48,23.43,26.80,25.77,27.14,28.26,25.85,26.65,27.52,26.98,23.98,26.53,26.11,26.03,28.31,28.22,27.14,26.97,27.22,27.30,24.34,26.02,26.44,27.81,26.33,28.19,25.68,27.53,26.50,26.52,27.02,27.65,26.64,27.15,26.04,28.29,28.28,27.51,27.33,27.46,26.87,28.19,27.25,27.38,27.69,26.85,26.94,24.63,26.04,27.26,26.66,26.26,26.03,25.75,26.05,26.49
1911,26.67,26.99,28.78,28.85,27.56,28.39,28.44,26.59,27.43,23.50,23.99,28.30,27.25,26.79,27.25,26.14,27.17,27.72,25.75,25.25,25.51,28.07,23.67,27.45,26.33,27.72,28.79,26.37,27.29,28.07,27.40,24.46,27.12,26.72,26.56,28.85,28.78,27.65,27.57,27.57,27.68,24.71,26.63,26.94,28.37,26.90,28.75,26.20,27.83,27.00,26.94,27.52,28.24,27.25,27.78,26.61,28.84,28.81,28.01,27.92,27.82,27.50,28.75,27.66,27.92,28.23,27.25,27.59,25.11,26.69,27.62,27.23,26.84,26.56,26.30,26.60,27.07
1912,26.46,26.74,28.53,28.62,27.23,28.12,28.21,26.28,27.16,23.44,23.93,28.05,27.11,26.50,27.03,25.97,26.85,27.66,25.56,25.11,25.20,27.81,23.66,27.13,26.08,27.46,28.58,26.13,26.99,27.83,27.32,24.21,27.10,26.40,26.30,28.63,28.55,27.61,27.30,27.51,27.63,24.57,26.34,26.78,28.12,26.63,28.52,25.94,27.78,26.83,26.82,27.36,27.99,26.96,27.49,26.35,28.61,28.60,27.84,27.66,27.79,27.22,28.50,27.63,27.68,28.02,27.16,27.29,24.92,26.42,27.57,27.00,26.55,26.34,26.02,26.59,26.81
1913,26.22,26.39,28.31,28.40,26.89,27.86,27.98,25.98,26.84,23.25,23.76,27.80,26.96,26.19,26.81,25.77,26.53,27.54,25.35,24.90,24.94,27.54,23.50,26.80,25.76,27.21,28.36,25.84,26.68,27.59,27.17,23.99,26.94,26.11,26.04,28.40,28.30,27.43,27.03,27.40,27.51,24.37,26.07,26.58,27.87,26.37,28.27,25.71,27.71,26.64,26.68,27.14,27.71,26.63,27.16,26.06,28.39,28.37,27.61,27.39,27.68,26.85,28.28,27.49,27.45,27.80,27.03,26.93,24.72,26.07,27.45,26.64,26.26,26.13,25.78,26.43,26.46
1914,26.39,26.66,28.47,28.56,27.12,28.06,28.14,26.17,27.08,23.30,23.80,28.00,27.12,26.40,26.95,25.91,26.74,27.70,25.44,24.98,25.10,27.72,23.51,27.02,26.01,27.40,28.52,26.07,26.89,27.75,27.36,24.11,27.19,26.29,26.23,28.57,28.48,27.67,27.22,27.55,27.68,24.43,26.23,26.74,28.03,26.52,28.44,25.83,27.83,26.82,26.84,27.30,27.92,26.85,27.39,26.26,28.55,28.55,27.79,27.57,27.83,27.12,28.44,27.68,27.58,27.94,27.20,27.18,24.84,26.31,27.62,26.91,26.46,26.28,25.91,26.67,26.72
1915,26.21,26.38,28.29,28.38,26.86,27.83,27.96,25.94,26.82,23.33,23.85,27.78,26.98,26.16,26.78,25.77,26.49,27.58,25.35,24.91,24.89,27.51,23.60,26.76,25.74,27.16,28.35,25.83,26.64,27.57,27.22,23.96,27.02,26.07,26.01,28.40,28.28,27.52,26.98,27.44,27.55,24.38,26.03,26.59,27.84,26.33,28.25,25.69,27.75,26.65,26.71,27.15,27.70,26.60,27.13,26.03,28.37,28.37,27.63,27.37,27.73,26.83,28.26,27.55,27.42,27.78,27.05,26.91,24.71,26.05,27.51,26.63,26.23,26.11,25.74,26.52,26.46
1916,25.97,26.05,27.90,27.99,26.48,27.45,27.59,25.63,26.44,23.27,23.89,27.40,26.63,25.87,26.51,25.41,26.22,27.35,25.33,24.83,24.78,27.14,23.50,26.42,25.44,26.79,27.97,25.63,26.27,27.24,26.94,24.05,26.78,25.92,25.95,28.02,27.91,27.32,26.60,27.20,27.35,24.46,25.75,26.21,27.57,26.15,27.88,25.69,27.54,26.28,26.40,26.77,27.32,26.25,26.75,25.84,27.97,27.99,27.25,26.98,27.56,26.49,27.87,27.37,27.28,27.41,26.77,26.54,24.48,25.67,27.30,26.31,26.09,25.77,25.68,26.29,26.10
1917,25.95,26.09,27.95,28.06,26.55,27.51,27.61,25.67,26.49,23.14,23.74,27.46,26.60,25.91,26.49,25.40,26.26,27.25,25.21,24.72,24.75,27.20,23.38,26.48,25.49,26.85,28.00,25.62,26.34,27.25,26.85,23.94,26.57,25.90,25.91,28.06,27.95,27.15,26.67,27.10,27.24,24.33,25.76,26.22,27.55,26.12,27.91,25.59,27.44,26.29,26.34,26.78,27.36,26.31,26.82,25.84,28.04,28.03,27.26,27.03,27.43,26.55,27.91,27.22,27.20,27.43,26.70,26.60,24.42,25.72,27.19,26.34,26.07,25.77,25.62,26.08,26.16
1918,26.31,26.59,28.37,28.48,27.10,27.98,28.03,26.15,27.02,23.31,23.88,27.90,26.94,26.39,26.85,25.78,26.74,27.42,25.46,24.96,25.13,27.65,23.51,27.00,25.95,27.31,28.41,26.03,26.85,27.67,27.06,24.18,26.59,26.32,26.25,28.47,28.39,27.20,27.16,27.32,27.36,24.50,26.20,26.59,27.97,26.50,28.35,25.86,27.60,26.66,26.66,27.16,27.84,26.83,27.34,26.25,28.47,28.44,27.66,27.50,27.50,27.07,28.34,27.30,27.54,27.84,26.96,27.15,24.74,26.25,27.32,26.84,26.48,26.16,25.93,26.10,26.67
1919,26.58,26.69,28.66,28.73,27.24,28.20,28.32,26.36,27.19,23.72,24.25,28.14,27.23,26.53,27.18,26.11,26.92,27.74,25.82,25.35,25.38,27.89,23.95,27.14,26.06,27.55,28.70,26.16,27.04,27.96,27.37,24.49,27.12,26.53,26.45,28.74,28.65,27.63,27.37,27.61,27.66,24.86,26.45,26.91,28.24,26.78,28.62,26.20,27.87,26.95,26.96,27.48,28.06,26.96,27.51,26.41,28.72,28.71,27.96,27.75,27.82,27.18,28.62,27.65,27.86,28.14,27.26,27.27,25.09,26.41,27.62,26.93,26.68,26.48,26.23,26.61,26.79
1920,26.36,26.54,28.37,28.47,27.05,27.97,28.04,26.16,26.97,23.48,24.05,27.89,26.93,26.37,26.91,25.78,26.74,27.52,25.59,25.11,25.19,27.64,23.70,26.97,25.91,27.30,28.41,26.01,26.83,27.69,27.18,24.28,26.96,26.35,26.28,28.47,28.37,27.48,27.14,27.36,27.52,24.65,26.23,26.59,28.00,26.56,28.34,25.98,27.66,26.65,26.65,27.16,27.81,26.79,27.30,26.25,28.46,28.44,27.64,27.49,27.69,27.01,28.34,27.52,27.63,27.84,27.00,27.08,24.81,26.20,27.46,26.78,26.50,26.18,26.02,26.46,26.63
1921,26.12,26.25,27.99,28.10,26.60,27.54,27.70,25.88,26.50,23.48,24.10,27.48,26.65,26.21,26.67,25.47,26.53,27.31,25.55,25.05,25.10,27.27,23.70,26.70,25.75,26.89,28.05,25.98,26.40,27.38,26.92,24.29,26.69,26.26,26.29,28.11,27.99,27.24,26.69,27.17,27.31,24.68,25.99,26.26,27.75,26.39,27.96,25.93,27.50,26.33,26.40,26.83,27.40,26.50,26.83,26.21,28.09,28.08,27.31,27.09,27.50,26.55,27.97,27.30,27.47,27.48,26.75,26.63,24.61,25.71,27.26,26.37,26.44,25.86,25.94,26.20,26.33
1922,26.32,26.71,28.10,28.17,26.94,27.68,27.81,26.15,26.68,23.62,24.28,27.60,26.67,26.58,26.79,25.54,26.86,27.33,25.71,25.19,25.33,27.43,23.83,27.08,26.16,27.04,28.13,26.30,26.67,27.51,26.96,24.48,26.81,26.53,26.53,28.19,28.11,27.35,26.87,27.15,27.36,24.85,26.20,26.31,27.93,26.59,28.08,26.11,27.48,26.37,26.40,26.89,27.53,26.93,27.04,26.52,28.16,28.16,27.38,27.24,27.55,27.00,28.08,27.38,27.64,27.58,26.77,27.04,24.72,25.92,27.28,26.86,26.72,25.96,26.13,26.29,26.78
1923,26.13,26.60,27.92,28.00,26.70,27.47,27.62,25.93,26.42,23.38,24.10,27.40,26.52,26.44,26.57,25.38,26.66,27.24,25.48,24.95,25.14,27.22,23.59,26.90,26.06,26.83,27.96,26.22,26.45,27.30,26.83,24.33,26.66,26.36,26.45,28.01,27.91,27.20,26.64,27.06,27.23,24.68,25.99,26.16,27.70,26.37,27.88,25.89,27.42,26.22,26.28,26.73,27.30,26.76,26.79,26.41,27.99,27.98,27.20,27.03,27.45,26.80,27.90,27.24,27.40,27.40,26.65,26.82,24.50,25.64,27.19,26.71,26.60,25.77,25.92,26.16,26.64
1924,26.28,26.68,28.14,28.22,26.89,27.69,27.82,26.10,26.65,23.53,24.20,27.62,26.73,26.52,26.76,25.58,26.80,27.34,25.63,25.10,25.27,27.42,23.76,27.02,26.11,27.04,28.17,26.26,26.64,27.50,26.95,24.41,26.67,26.46,26.48,28.23,28.13,27.23,26.87,27.21,27.31,24.79,26.16,26.38,27.89,26.53,28.10,26.03,27.52,26.43,26.47,26.95,27.53,26.87,27.01,26.48,28.21,28.20,27.42,27.25,27.50,26.94,28.11,27.29,27.57,27.61,26.81,26.98,24.69,25.89,27.27,26.81,26.67,25.98,26.05,26.18,26.73
1925,26.10,26.36,28.06,28.14,26.72,27.61,27.74,25.87,26.60,23.24,23.82,27.54,26.69,26.19,26.62,25.52,26.50,27.33,25.35,24.85,24.96,27.31,23.45,26.74,25.77,26.95,28.10,25.89,26.49,27.38,26.93,24.08,26.67,26.13,26.12,28.14,28.06,27.23,26.78,27.18,27.31,24.43,25.95,26.31,27.71,26.30,28.03,25.74,27.51,26.36,26.43,26.88,27.46,26.57,26.94,26.10,28.13,28.11,27.35,27.15,27.49,26.74,28.03,27.29,27.36,27.56,26.78,26.78,24.55,25.83,27.26,26.57,26.31,25.90,25.78,26.17,26.43
1926,26.57,26.79,28.60,28.65,27.26,28.17,28.24,26.42,27.15,23.72,24.33,28.09,27.15,26.65,27.14,26.00,27.02,27.63,25.85,25.36,25.46,27.85,23.91,27.24,26.18,27.49,28.61,26.29,27.04,27.90,27.27,24.56,26.98,26.65,26.55,28.66,28.58,27.53,27.33,27.50,27.58,24.92,26.50,26.81,28.25,26.82,28.55,26.25,27.77,26.87,26.85,27.38,28.01,27.04,27.49,26.54,28.64,28.63,27.86,27.69,27.72,27.22,28.56,27.56,27.87,28.05,27.15,27.30,25.04,26.38,27.52,26.99,26.79,26.39,26.29,26.47,26.86
1927,26.26,26.60,28.16,28.23,26.91,27.73,27.84,26.08,26.71,23.40,24.08,27.67,26.76,26.45,26.75,25.61,26.74,27.39,25.53,25.01,25.20,27.45,23.58,26.98,26.03,27.08,28.21,26.15,26.66,27.50,27.01,24.32,26.76,26.39,26.39,28.26,28.17,27.30,26.91,27.24,27.37,24.67,26.13,26.41,27.87,26.48,28.15,25.94,27.56,26.47,26.49,26.98,27.58,26.82,27.06,26.38,28.22,28.23,27.45,27.28,27.55,26.93,28.13,27.36,27.53,27.64,26.85,26.98,24.67,25.95,27.31,26.77,26.58,25.99,25.98,26.25,26.67
1928,26.40,26.73,28.29,28.35,27.08,27.83,28.00,26.25,26.80,23.63,24.28,27.75,26.86,26.57,26.94,25.75,26.89,27.44,25.75,25.23,25.35,27.59,23.84,27.13,26.13,27.16,28.32,26.24,26.82,27.68,27.06,24.47,26.78,26.53,26.49,28.37,28.27,27.32,27.01,27.31,27.40,24.84,26.31,26.51,28.04,26.67,28.24,26.11,27.60,26.57,26.60,27.09,27.66,26.96,27.18,26.47,28.34,28.34,27.54,27.39,27.57,27.09,28.27,27.38,27.72,27.77,26.92,27.15,24.86,26.01,27.35,26.91,26.71,26.15,26.16,26.27,26.80
1929,26.40,26.75,28.27,28.29,27.06,27.76,27.99,26.29,26.70,23.68,24.33,27.68,26.78,26.62,26.97,25.68,26.95,27.35,25.80,25.30,25.42,27.60,23.87,27.16,26.18,27.16,28.25,26.30,26.82,27.69,26.94,24.54,26.60,26.61,26.56,28.30,28.23,27.18,26.97,27.22,27.30,24.90,26.35,26.44,28.10,26.73,28.22,26.19,27.52,26.48,26.51,27.01,27.58,26.99,27.13,26.53,28.28,28.26,27.48,27.39,27.47,27.10,28.25,27.26,27.79,27.73,26.82,27.14,24.90,25.92,27.26,26.93,26.77,26.13,26.23,26.11,26.83
1930,26.38,26.64,28.30,28.39,27.09,27.90,27.99,26.22,26.90,23.59,24.23,27.83,26.87,26.49,26.89,25.72,26.85,27.45,25.68,25.16,25.29,27.61,23.79,27.08,26.03,27.24,28.32,26.14,26.84,27.66,27.08,24.44,26.86,26.49,26.42,28.38,28.32,27.39,27.09,27.31,27.43,24.83,26.27,26.54,28.01,26.60,28.28,26.07,27.61,26.60,26.59,27.10,27.74,26.90,27.27,26.39,28.38,28.35,27.61,27.44,27.62,27.04,28.28,27.43,27.64,27.76,26.93,27.13,24.81,26.11,27.38,26.83,26.64,26.12,26.10,26.36,26.72
1931,26.70,27.05,28.59,28.65,27.43,28.17,28.28,26.58,27.15,23.95,24.64,28.10,27.07,26.91,27.19,25.99,27.24,27.59,26.03,25.48,25.69,27.92,24.15,27.48,26.46,27.53,28.59,26.56,27.18,27.96,27.22,24.85,27.01,26.88,26.84,28.65,28.58,27.51,27.37,27.45,27.55,25.22,26.61,26.78,28.33,26.95,28.54,26.42,27.73,26.83,26.78,27.35,28.00,27.30,27.55,26.81,28.65,28.62,27.85,27.73,27.72,27.41,28.57,27.55,27.96,28.04,27.09,27.50,25.10,26.34,27.51,27.21,27.05,26.41,26.48,26.50,27.14
1932,26.49,26.71,28.49,28.57,27.25,28.11,28.17,26.36,27.14,23.67,24.26,28.04,27.02,26.55,27.04,25.89,26.94,27.50,25.76,25.27,25.38,27.80,23.90,27.18,26.09,27.44,28.53,26.16,27.02,27.83,27.14,24.48,26.71,26.55,26.44,28.59,28.51,27.30,27.31,27.38,27.43,24.87,26.42,26.70,28.16,26.73,28.48,26.15,27.65,26.76,26.73,27.28,27.98,26.99,27.49,26.41,28.56,28.56,27.77,27.64,27.58,27.17,28.46,27.38,27.78,27.95,27.02,27.28,24.94,26.39,27.38,26.92,26.68,26.30,26.20,26.22,26.81
1933,26.55,26.80,28.48,28.59,27.30,28.14,28.15,26.39,27.18,23.73,24.39,28.07,27.16,26.65,27.04,25.91,27.01,27.62,25.82,25.30,25.45,27.80,23.92,27.25,26.18,27.45,28.56,26.27,27.04,27.82,27.25,24.60,26.80,26.63,26.55,28.61,28.52,27.40,27.32,27.52,27.52,24.99,26.44,26.78,28.17,26.76,28.48,26.22,27.76,26.87,26.87,27.33,28.02,27.07,27.52,26.52,28.58,28.60,27.83,27.64,27.64,27.26,28.45,27.47,27.79,27.96,27.16,27.35,24.95,26.44,27.48,27.02,26.77,26.29,26.26,26.30,26.90
1934,26.31,26.50,28.26,28.34,27.01,27.87,27.93,26.12,26.92,23.52,24.14,27.83,26.95,26.34,26.83,25.69,26.72,27.45,25.60,25.10,25.18,27.56,23.74,26.95,25.89,27.20,28.31,25.99,26.76,27.60,27.09,24.32,26.63,26.33,26.26,28.37,28.25,27.22,27.04,27.34,27.38,24.72,26.19,26.54,27.94,26.53,28.22,25.97,27.62,26.63,26.67,27.09,27.77,26.76,27.24,26.23,28.32,28.36,27.61,27.38,27.51,26.96,28.23,27.33,27.58,27.73,26.97,27.04,24.74,26.19,27.34,26.72,26.49,26.07,26.02,26.13,26.58
1935,26.80,27.08,28.82,28.89,27.64,28.45,28.47,26.71,27.51,23.90,24.54,28.35,27.25,26.92,27.34,26.15,27.30,27.70,26.05,25.53,25.71,28.13,24.09,27.55,26.43,27.76,28.82,26.48,27.38,28.13,27.40,24.79,27.04,26.89,26.77,28.89,28.82,27.60,27.63,27.56,27.66,25.15,26.75,26.95,28.47,27.05,28.79,26.45,27.80,27.01,26.94,27.52,28.30,27.36,27.86,26.75,28.88,28.85,28.02,27.96,27.77,27.57,28.79,27.62,28.08,28.25,27.26,27.68,25.21,26.79,27.59,27.30,27.02,26.58,26.52,26.54,27.17
1936,26.42,26.61,28.46,28.55,27.19,28.09,28.13,26.27,27.14,23.50,24.03,28.03,27.06,26.41,26.98,25.87,26.84,27.58,25.62,25.13,25.23,27.77,23.71,27.08,25.96,27.42,28.51,26.02,26.97,27.78,27.23,24.28,26.90,26.41,26.26,28.57,28.48,27.45,27.27,27.45,27.53,24.66,26.34,26.71,28.11,26.63,28.44,25.99,27.70,26.78,26.78,27.27,27.96,26.87,27.46,26.27,28.54,28.55,27.78,27.62,27.68,27.10,28.43,27.51,27.67,27.93,27.10,27.21,24.85,26.40,27.47,26.84,26.53,26.26,26.06,26.39,26.68
1937,26.53,26.84,28.49,28.57,27.29,28.09,28.17,26.37,27.12,23.70,24.34,28.02,26.98,26.67,27.05,25.91,27.00,27.50,25.79,25.28,25.43,27.79,23.92,27.24,26.23,27.42,28.53,26.34,27.02,27.83,27.13,24.54,26.86,26.62,26.59,28.59,28.49,27.39,27.27,27.36,27.46,24.91,26.42,26.72,28.17,26.75,28.46,26.19,27.65,26.75,26.69,27.29,27.94,27.08,27.48,26.57,28.55,28.57,27.79,27.62,27.64,27.27,28.46,27.45,27.79,27.95,27.00,27.34,24.95,26.34,27.41,27.04,26.79,26.30,26.24,26.35,26.92
1938,26.01,26.30,27.92,28.02,26.73,27.54,27.60,25.80,26.58,23.14,23.79,27.46,26.57,26.11,26.48,25.36,26.44,27.26,25.21,24.70,24.84,27.23,23.38,26.69,25.69,26.86,27.96,25.79,26.46,27.25,26.88,23.97,26.66,26.03,26.01,28.02,27.94,27.21,26.72,27.10,27.28,24.36,25.84,26.17,27.57,26.15,27.90,25.60,27.46,26.24,26.31,26.74,27.39,26.52,26.92,26.00,28.01,27.99,27.23,27.06,27.47,26.73,27.89,27.28,27.20,27.39,26.69,26.79,24.38,25.83,27.22,26.53,26.20,25.74,25.65,26.17,26.38
1939,25.98,26.30,27.93,28.04,26.81,27.61,27.57,25.79,26.68,23.02,23.68,27.52,26.65,26.05,26.40,25.29,26.41,27.28,25.07,24.57,24.74,27.23,23.27,26.68,25.63,26.92,28.01,25.69,26.52,27.22,26.90,23.82,26.64,25.97,25.86,28.06,27.96,27.21,26.80,27.13,27.27,24.22,25.81,26.15,27.53,26.07,27.93,25.47,27.47,26.26,26.39,26.74,27.49,26.52,27.04,25.89,28.03,28.04,27.24,27.09,27.47,26.79,27.89,27.27,27.09,27.41,26.73,26.87,24.28,25.96,27.22,26.59,26.11,25.68,25.51,26.15,26.37
1940,26.41,26.86,28.52,28.59,27.42,28.18,28.17,26.29,27.25,23.26,23.89,28.06,26.99,26.53,26.76,25.70,26.88,27.60,25.36,24.85,25.18,27.86,23.46,27.17,26.10,27.52,28.51,26.16,27.13,27.67,27.26,24.13,26.96,26.42,26.29,28.58,28.54,27.53,27.40,27.39,27.64,24.47,26.28,26.62,27.96,26.49,28.50,25.79,27.71,26.67,26.70,27.21,28.02,27.07,27.63,26.36,28.59,28.54,27.70,27.71,27.78,27.39,28.49,27.61,27.46,27.93,27.04,27.48,24.58,26.52,27.56,27.13,26.56,26.11,25.89,26.45,26.93
1941,27.23,27.65,29.34,29.39,28.20,28.97,29.00,27.13,28.03,24.15,24.63,28.85,27.73,27.37,27.68,26.56,27.72,28.25,26.29,25.81,26.06,28.67,24.39,28.01,26.94,28.31,29.33,26.98,27.93,28.56,27.93,25.01,27.44,27.28,27.16,29.39,29.35,28.03,28.18,28.08,28.23,25.32,27.15,27.44,28.87,27.40,29.32,26.73,28.33,27.48,27.45,28.03,28.80,27.88,28.42,27.20,29.38,29.35,28.52,28.51,28.31,28.17,29.31,28.14,28.37,28.76,27.76,28.26,25.55,27.31,28.16,27.89,27.42,27.01,26.82,26.93,27.73
1942,26.45,26.90,28.32,28.37,27.26,27.93,27.98,26.38,26.96,23.60,24.30,27.82,26.73,26.74,26.91,25.67,27.05,27.29,25.73,25.19,25.47,27.68,23.79,27.31,26.30,27.27,28.31,26.39,26.96,27.69,26.95,24.55,26.61,26.68,26.63,28.37,28.32,27.24,27.13,27.13,27.29,24.88,26.40,26.44,28.09,26.72,28.29,26.17,27.43,26.48,26.44,27.03,27.76,27.14,27.35,26.63,28.36,28.33,27.52,27.48,27.48,27.29,28.29,27.29,27.72,27.76,26.78,27.34,24.80,26.22,27.23,27.10,26.86,26.11,26.24,26.13,26.99
1943,26.02,26.56,27.82,27.88,26.81,27.46,27.50,25.92,26.51,23.23,23.96,27.34,26.22,26.36,26.42,25.14,26.62,26.92,25.32,24.77,25.03,27.19,23.44,26.89,25.97,26.80,27.81,26.10,26.51,27.20,26.57,24.17,26.46,26.26,26.30,27.87,27.83,27.00,26.67,26.73,26.99,24.54,25.93,25.91,27.60,26.26,27.80,25.73,27.08,25.95,25.94,26.50,27.29,26.75,26.90,26.29,27.88,27.82,26.99,26.99,27.21,26.88,27.80,27.03,27.25,27.25,26.34,26.90,24.31,25.79,26.92,26.74,26.47,25.60,25.78,25.96,26.62
1944,26.41,26.82,28.39,28.45,27.30,28.04,28.05,26.34,27.09,23.47,24.05,27.92,26.77,26.61,26.91,25.71,26.96,27.32,25.59,25.08,25.31,27.74,23.69,27.24,26.16,27.37,28.38,26.18,27.01,27.72,26.99,24.29,26.66,26.52,26.37,28.44,28.41,27.27,27.24,27.14,27.34,24.65,26.36,26.48,28.07,26.64,28.37,25.99,27.44,26.52,26.46,27.08,27.86,27.07,27.47,26.43,28.45,28.39,27.57,27.57,27.49,27.28,28.36,27.32,27.64,27.83,26.81,27.37,24.77,26.36,27.26,27.05,26.66,26.16,26.07,26.16,26.91
1945,26.43,26.78,28.44,28.50,27.31,28.09,28.11,26.35,27.14,23.49,24.07,27.97,26.81,26.57,26.96,25.76,26.94,27.36,25.62,25.11,25.31,27.78,23.70,27.21,26.11,27.42,28.43,26.14,27.04,27.77,27.03,24.34,26.68,26.51,26.39,28.49,28.46,27.29,27.29,27.17,27.38,24.69,26.38,26.53,28.10,26.65,28.42,26.03,27.48,26.57,26.50,27.13,27.91,27.03,27.52,26.41,28.50,28.44,27.62,27.62,27.51,27.26,28.41,27.35,27.67,27.88,26.85,27.36,24.82,26.41,27.31,27.02,26.65,26.21,26.09,26.18,26.87
1946,26.58,26.98,28.55,28.61,27.38,28.18,28.21,26.43,27.22,23.69,24.35,28.06,27.13,26.77,27.07,25.91,27.07,27.66,25.78,25.27,25.41,27.86,23.89,27.36,26.36,27.51,28.54,26.47,27.10,27.86,27.30,24.53,26.78,26.65,26.65,28.60,28.56,27.42,27.36,27.52,27.60,24.92,26.45,26.66,28.18,26.75,28.53,26.17,27.82,26.77,26.84,27.26,28.01,27.20,27.57,26.66,28.60,28.55,27.73,27.70,27.73,27.39,28.52,27.53,27.80,28.00,27.16,27.45,24.96,26.48,27.56,27.18,26.84,26.34,26.23,26.29,27.04
1947,26.76,27.01,28.79,28.85,27.60,28.42,28.46,26.66,27.46,23.85,24.44,28.31,27.28,26.83,27.33,26.15,27.24,27.76,25.98,25.49,25.63,28.11,24.06,27.49,26.37,27.76,28.80,26.43,27.35,28.12,27.43,24.68,26.88,26.83,26.67,28.86,28.80,27.55,27.63,27.62,27.71,25.04,26.71,26.93,28.45,27.00,28.77,26.37,27.88,27.00,26.98,27.51,28.25,27.28,27.83,26.67,28.84,28.82,28.00,27.95,27.82,27.52,28.76,27.63,28.04,28.24,27.30,27.63,25.20,26.72,27.66,27.22,26.93,26.59,26.43,26.39,27.11
1948,26.35,26.72,28.35,28.42,27.21,27.97,28.02,26.22,27.02,23.28,23.89,27.87,26.93,26.50,26.86,25.77,26.84,27.50,25.43,24.93,25.19,27.65,23.49,27.13,26.07,27.31,28.39,26.12,26.92,27.66,27.13,24.15,26.83,26.40,26.30,28.45,28.35,27.38,27.18,27.36,27.47,24.50,26.25,26.58,27.99,26.53,28.32,25.85,27.66,26.65,26.66,27.15,27.81,26.95,27.41,26.33,28.41,28.42,27.63,27.50,27.64,27.18,28.32,27.45,27.52,27.82,26.98,27.26,24.72,26.29,27.42,26.95,26.54,26.16,25.96,26.34,26.79
1949,26.38,26.85,28.36,28.44,27.23,27.99,28.03,26.26,27.04,23.26,23.91,27.89,26.90,26.60,26.83,25.77,26.88,27.49,25.44,24.92,25.23,27.69,23.43,27.18,26.20,27.32,28.39,26.27,26.94,27.65,27.14,24.26,26.86,26.44,26.41,28.45,28.37,27.41,27.19,27.33,27.50,24.57,26.27,26.57,27.98,26.54,28.34,25.88,27.63,26.62,26.63,27.15,27.84,27.03,27.40,26.47,28.43,28.42,27.63,27.52,27.65,27.25,28.33,27.47,27.51,27.83,26.97,27.31,24.68,26.29,27.44,27.07,26.62,26.14,25.97,26.36,26.90
1950,26.18,26.55,28.16,28.25,26.99,27.79,27.84,26.03,26.82,23.16,23.74,27.68,26.80,26.32,26.67,25.60,26.65,27.41,25.26,24.77,24.98,27.47,23.40,26.93,25.91,27.14,28.21,25.98,26.71,27.48,27.03,24.00,26.69,26.20,26.15,28.27,28.19,27.28,26.99,27.28,27.37,24.36,26.06,26.42,27.79,26.33,28.15,25.67,27.60,26.48,26.53,26.98,27.62,26.77,27.19,26.17,28.24,28.24,27.47,27.33,27.53,27.01,28.13,27.34,27.34,27.65,26.88,27.06,24.54,26.08,27.32,26.79,26.37,25.98,25.76,26.19,26.62
1951,26.26,26.66,28.31,28.36,27.19,27.94,27.97,26.22,27.00,23.31,23.84,27.82,26.55,26.47,26.83,25.62,26.81,27.07,25.41,24.94,25.16,27.64,23.58,27.10,26.02,27.28,28.29,26.02,26.91,27.64,26.74,24.08,26.45,26.37,26.15,28.35,28.32,27.04,27.15,26.93,27.11,24.46,26.26,26.36,27.99,26.54,28.29,25.81,27.18,26.39,26.24,26.97,27.76,26.92,27.38,26.22,28.36,28.30,27.45,27.48,27.25,27.14,28.28,27.08,27.53,27.74,26.57,27.23,24.67,26.24,27.03,26.90,26.46,26.07,25.96,25.95,26.75
1952,26.24,26.64,28.27,28.29,27.15,27.87,27.94,26.20,26.90,23.35,23.95,27.74,26.51,26.43,26.77,25.54,26.80,27.07,25.43,24.92,25.14,27.62,23.60,27.06,25.99,27.25,28.23,26.05,26.88,27.60,26.75,24.15,26.46,26.36,26.22,28.29,28.28,27.05,27.11,26.94,27.10,24.51,26.23,26.32,27.93,26.48,28.26,25.83,27.20,26.31,26.20,26.92,27.68,26.88,27.33,26.26,28.28,28.23,27.41,27.45,27.26,27.11,28.25,27.08,27.48,27.69,26.54,27.20,24.62,26.18,27.03,26.90,26.49,26.01,25.91,25.96,26.72
1953,26.25,26.66,28.24,28.32,27.15,27.90,27.91,26.19,26.95,23.38,23.98,27.78,26.49,26.40,26.76,25.54,26.79,27.07,25.46,24.95,25.13,27.59,23.63,27.06,26.03,27.24,28.25,26.09,26.87,27.58,26.75,24.15,26.45,26.33,26.21,28.31,28.27,27.06,27.11,26.93,27.13,24.55,26.21,26.31,27.93,26.48,28.24,25.86,27.20,26.29,26.20,26.92,27.71,26.88,27.35,26.25,28.32,28.26,27.40,27.43,27.27,27.11,28.21,27.10,27.49,27.68,26.57,27.20,24.62,26.21,27.05,26.94,26.46,25.99,25.91,25.95,26.74
1954,26.20,26.64,28.23,28.27,27.15,27.86,27.91,26.18,26.91,23.24,23.74,27.73,26.51,26.43,26.71,25.48,26.79,27.05,25.38,24.90,25.14,27.59,23.51,27.06,25.99,27.21,28.19,26.04,26.87,27.56,26.72,24.01,26.37,26.36,26.12,28.25,28.24,26.97,27.09,26.91,27.04,24.36,26.20,26.28,27.88,26.45,28.21,25.80,27.16,26.30,26.19,26.88,27.67,26.89,27.32,26.25,28.27,28.19,27.37,27.42,27.21,27.12,28.21,27.02,27.44,27.65,26.54,27.21,24.56,26.19,26.98,26.90,26.47,25.95,25.88,25.87,26.73
1955,25.69,26.07,27.66,27.71,26.60,27.32,27.33,25.59,26.38,22.71,23.26,27.20,26.17,25.84,26.14,24.95,26.21,26.81,24.81,24.32,24.54,27.02,22.99,26.48,25.41,26.67,27.64,25.44,26.31,26.98,26.49,23.49,26.25,25.76,25.59,27.70,27.67,26.83,26.56,26.67,26.88,23.84,25.60,25.76,27.30,25.87,27.65,25.22,26.94,25.83,25.91,26.34,27.16,26.31,26.79,25.66,27.70,27.66,26.84,26.86,27.04,26.56,27.63,26.87,26.87,27.08,26.28,26.64,24.00,25.69,26.80,26.35,25.89,25.40,25.31,25.75,26.15
1956,25.70,26.07,27.64,27.65,26.57,27.27,27.31,25.64,26.32,22.78,23.34,27.14,26.08,25.88,26.21,24.92,26.26,26.71,24.90,24.40,24.60,27.00,23.05,26.52,25.44,26.65,27.58,25.49,26.29,27.01,26.39,23.60,26.12,25.82,25.67,27.64,27.65,26.71,26.52,26.55,26.76,23.95,25.66,25.70,27.37,25.94,27.63,25.31,26.85,25.76,25.80,26.28,27.09,26.33,26.76,25.71,27.65,27.59,26.78,26.84,26.93,26.54,27.61,26.76,26.94,27.06,26.17,26.62,24.07,25.62,26.69,26.34,25.95,25.41,25.38,25.62,26.16
1957,26.41,26.78,28.42,28.45,27.30,28.03,28.08,26.35,27.07,23.49,23.92,27.89,26.73,26.58,26.96,25.74,26.95,27.31,25.63,25.14,25.32,27.75,23.74,27.22,26.13,27.40,28.39,26.19,27.04,27.76,26.98,24.30,26.67,26.52,26.35,28.44,28.43,27.28,27.27,27.15,27.35,24.64,26.38,26.49,28.10,26.67,28.40,26.04,27.43,26.52,26.43,27.09,27.84,27.03,27.49,26.42,28.44,28.40,27.57,27.59,27.50,27.25,28.39,27.32,27.68,27.85,26.78,27.34,24.84,26.37,27.28,27.01,26.65,26.20,26.11,26.17,26.87
1958,26.43,26.78,28.43,28.46,27.30,28.04,28.09,26.38,27.09,23.45,24.00,27.91,26.81,26.61,26.96,25.71,26.98,27.45,25.60,25.11,25.35,27.77,23.72,27.24,26.16,27.41,28.39,26.22,27.03,27.77,27.11,24.29,26.86,26.56,26.40,28.45,28.44,27.45,27.27,27.28,27.50,24.61,26.41,26.50,28.13,26.69,28.42,26.03,27.58,26.55,26.52,27.09,27.87,27.05,27.49,26.45,28.45,28.40,27.58,27.61,27.67,27.26,28.40,27.49,27.69,27.85,26.88,27.35,24.81,26.38,27.43,27.03,26.68,26.19,26.12,26.35,26.88
1959,26.54,26.91,28.56,28.58,27.44,28.16,28.23,26.50,27.19,23.60,24.04,28.03,26.80,26.73,27.12,25.86,27.11,27.38,25.76,25.28,25.50,27.90,23.81,27.37,26.28,27.54,28.52,26.34,27.17,27.91,27.04,24.42,26.70,26.69,26.49,28.58,28.56,27.32,27.41,27.22,27.40,24.74,26.53,26.62,28.25,26.83,28.53,26.19,27.50,26.62,26.49,27.21,27.97,27.17,27.63,26.56,28.57,28.53,27.70,27.73,27.55,27.40,28.54,27.37,27.83,27.98,26.84,27.49,24.99,26.48,27.33,27.16,26.81,26.34,26.27,26.21,27.00
1960,26.57,26.96,28.66,28.67,27.50,28.24,28.32,26.53,27.29,23.61,24.17,28.12,26.86,26.75,27.07,25.90,27.12,27.42,25.74,25.24,25.49,27.98,23.84,27.39,26.31,27.61,28.62,26.37,27.24,27.93,27.09,24.43,26.71,26.70,26.52,28.67,28.65,27.36,27.48,27.28,27.44,24.78,26.56,26.71,28.27,26.81,28.63,26.14,27.54,26.70,26.55,27.31,28.06,27.23,27.69,26.59,28.66,28.62,27.79,27.81,27.60,27.46,28.63,27.42,27.78,28.07,26.89,27.55,24.93,26.55,27.38,27.21,26.83,26.36,26.23,26.21,27.05
1961,26.24,26.66,28.26,28.34,27.15,27.89,27.95,26.15,26.93,23.26,23.84,27.76,26.59,26.43,26.77,25.61,26.77,27.16,25.36,24.87,25.08,27.62,23.47,27.06,26.00,27.27,28.26,26.04,26.86,27.59,26.82,24.09,26.45,26.31,26.21,28.33,28.30,27.07,27.11,27.00,27.17,24.43,26.17,26.35,27.91,26.43,28.27,25.77,27.30,26.36,26.30,26.95,27.71,26.89,27.33,26.26,28.33,28.28,27.43,27.46,27.32,27.16,28.24,27.14,27.45,27.72,26.63,27.22,24.62,26.19,27.10,26.93,26.47,26.06,25.86,25.96,26.74
1962,26.09,26.44,28.14,28.19,26.98,27.77,27.82,26.01,26.82,23.10,23.62,27.65,26.53,26.23,26.61,25.46,26.60,27.15,25.21,24.73,24.94,27.48,23.35,26.86,25.78,27.12,28.13,25.81,26.72,27.44,26.82,23.89,26.42,26.15,25.96,28.19,28.17,27.06,26.99,27.00,27.17,24.25,26.03,26.24,27.76,26.30,28.14,25.62,27.28,26.25,26.25,26.83,27.60,26.68,27.21,26.02,28.19,28.13,27.32,27.33,27.32,26.92,28.12,27.14,27.30,27.58,26.63,27.02,24.47,26.10,27.10,26.68,26.25,25.90,25.70,25.94,26.53
1963,26.08,26.41,28.10,28.17,26.94,27.75,27.77,25.96,26.82,23.08,23.65,27.64,26.53,26.19,26.57,25.46,26.55,27.22,25.19,24.70,24.90,27.41,23.32,26.83,25.75,27.06,28.13,25.79,26.67,27.37,26.87,23.89,26.55,26.10,25.98,28.19,28.11,27.22,26.93,27.04,27.30,24.23,25.97,26.24,27.71,26.26,28.08,25.60,27.36,26.26,26.26,26.83,27.60,26.65,27.17,26.02,28.16,28.15,27.32,27.25,27.46,26.90,28.07,27.27,27.28,27.55,26.62,26.98,24.46,26.09,27.23,26.65,26.23,25.87,25.69,26.07,26.49
1964,26.15,26.48,28.20,28.29,27.00,27.85,27.85,26.01,26.93,23.15,23.74,27.76,26.68,26.24,26.63,25.57,26.59,27.29,25.26,24.76,24.95,27.50,23.38,26.87,25.81,27.16,28.23,25.86,26.73,27.45,26.95,23.95,26.54,26.15,26.05,28.29,28.22,27.21,27.03,27.12,27.30,24.30,26.03,26.34,27.77,26.30,28.18,25.66,27.42,26.38,26.39,26.93,27.70,26.71,27.26,26.08,28.28,28.25,27.42,27.35,27.45,26.95,28.17,27.27,27.32,27.65,26.75,27.04,24.51,26.21,27.23,26.72,26.30,25.96,25.73,26.05,26.56
1965,26.29,26.65,28.34,28.40,27.18,27.97,28.00,26.21,27.02,23.36,23.89,27.86,26.61,26.45,26.86,25.67,26.81,27.13,25.51,25.02,25.18,27.67,23.53,27.08,26.01,27.31,28.32,26.06,26.91,27.66,26.81,24.22,26.41,26.38,26.28,28.39,28.35,27.04,27.18,26.98,27.15,24.56,26.25,26.42,28.00,26.55,28.31,25.91,27.26,26.44,26.30,27.02,27.79,26.90,27.40,26.30,28.39,28.34,27.50,27.50,27.28,27.13,28.31,27.10,27.56,27.77,26.64,27.22,24.73,26.28,27.08,26.90,26.53,26.12,25.98,25.92,26.74
1966,26.77,27.14,28.85,28.86,27.67,28.44,28.51,26.74,27.46,23.88,24.38,28.31,26.98,26.96,27.37,26.14,27.34,27.42,26.03,25.54,25.71,28.18,24.06,27.59,26.51,27.81,28.80,26.59,27.41,28.18,27.12,24.74,26.62,26.91,26.80,28.86,28.84,27.28,27.67,27.31,27.39,25.07,26.78,26.88,28.52,27.07,28.82,26.44,27.53,26.88,26.65,27.48,28.24,27.40,27.89,26.81,28.86,28.80,27.96,28.00,27.51,27.61,28.82,27.34,28.09,28.27,26.97,27.70,25.23,26.71,27.32,27.39,27.04,26.62,26.51,26.12,27.23
1967,26.13,26.46,28.16,28.22,26.96,27.77,27.83,26.05,26.82,23.22,23.70,27.68,26.50,26.26,26.72,25.51,26.63,27.05,25.35,24.87,25.00,27.50,23.44,26.89,25.82,27.13,28.15,25.89,26.71,27.51,26.74,24.01,26.34,26.20,26.05,28.21,28.17,26.94,26.98,26.94,27.05,24.36,26.09,26.26,27.85,26.39,28.14,25.76,27.18,26.27,26.21,26.85,27.62,26.70,27.18,26.12,28.21,28.16,27.34,27.33,27.17,26.93,28.13,27.00,27.43,27.60,26.57,27.01,24.58,26.06,26.97,26.69,26.34,25.96,25.82,25.84,26.55
1968,26.44,26.82,28.50,28.56,27.35,28.12,28.17,26.40,27.15,23.46,23.94,27.99,26.75,26.62,27.02,25.82,26.99,27.24,25.64,25.16,25.36,27.84,23.64,27.25,26.18,27.48,28.48,26.25,27.09,27.84,26.93,24.31,26.48,26.57,26.39,28.54,28.52,27.11,27.35,27.14,27.22,24.62,26.43,26.54,28.17,26.71,28.49,26.06,27.35,26.56,26.45,27.15,27.92,27.07,27.54,26.48,28.56,28.49,27.63,27.68,27.35,27.30,28.47,27.18,27.72,27.94,26.77,27.39,24.88,26.41,27.14,27.06,26.71,26.28,26.14,25.99,26.91
1969,26.57,26.95,28.59,28.69,27.48,28.26,28.26,26.49,27.32,23.60,24.15,28.14,26.95,26.72,27.08,25.92,27.09,27.49,25.74,25.23,25.46,27.94,23.77,27.35,26.28,27.57,28.61,26.35,27.21,27.92,27.18,24.48,26.77,26.66,26.57,28.67,28.61,27.40,27.46,27.36,27.49,24.81,26.53,26.71,28.24,26.80,28.57,26.14,27.59,26.74,26.65,27.31,28.08,27.19,27.69,26.58,28.68,28.63,27.80,27.77,27.63,27.45,28.56,27.46,27.79,28.03,27.00,27.53,24.94,26.59,27.42,27.19,26.81,26.35,26.23,26.28,27.04
1970,26.34,26.64,28.39,28.48,27.18,28.04,28.06,26.24,27.05,23.38,23.92,27.94,26.78,26.44,26.86,25.71,26.82,27.36,25.51,25.00,25.17,27.73,23.56,27.07,26.00,27.40,28.39,26.05,26.93,27.69,27.03,24.21,26.62,26.38,26.24,28.46,28.43,27.29,27.26,27.20,27.37,24.57,26.29,26.51,28.02,26.55,28.39,25.89,27.47,26.54,26.49,27.10,27.88,26.89,27.42,26.27,28.48,28.42,27.59,27.59,27.52,27.13,28.37,27.35,27.56,27.83,26.84,27.22,24.72,26.32,27.30,26.89,26.50,26.14,25.97,26.14,26.73
1971,25.73,26.08,27.71,27.84,26.60,27.41,27.37,25.62,26.47,22.76,23.32,27.29,26.25,25.87,26.19,25.07,26.21,26.89,24.86,24.37,24.54,27.04,22.99,26.50,25.42,26.69,27.75,25.48,26.32,27.01,26.56,23.55,26.24,25.75,25.63,27.82,27.75,26.86,26.58,26.74,26.92,23.92,25.61,25.86,27.34,25.89,27.70,25.25,27.02,25.91,25.97,26.46,27.23,26.32,26.82,25.69,27.83,27.78,26.94,26.88,27.08,26.57,27.68,26.91,26.90,27.16,26.36,26.65,24.07,25.75,26.84,26.33,25.90,25.48,25.32,25.74,26.16
1972,26.47,26.80,28.53,28.59,27.34,28.12,28.19,26.39,27.14,23.57,24.10,28.02,26.83,26.61,26.99,25.81,26.97,27.38,25.68,25.19,25.32,27.86,23.78,27.24,26.16,27.50,28.51,26.21,27.09,27.83,27.06,24.37,26.69,26.51,26.38,28.57,28.54,27.34,27.34,27.17,27.41,24.74,26.43,26.61,28.17,26.70,28.50,26.06,27.50,26.63,26.51,27.21,27.94,27.06,27.52,26.42,28.59,28.52,27.69,27.70,27.58,27.27,28.50,27.40,27.70,27.96,26.87,27.37,24.85,26.39,27.34,27.06,26.64,26.25,26.12,26.20,26.88
1973,26.48,26.92,28.52,28.57,27.44,28.16,28.18,26.44,27.22,23.49,24.14,28.03,26.87,26.69,26.92,25.76,27.05,27.39,25.59,25.08,25.36,27.87,23.72,27.33,26.25,27.51,28.49,26.30,27.16,27.80,27.07,24.36,26.73,26.59,26.49,28.55,28.53,27.36,27.38,27.22,27.43,24.71,26.43,26.59,28.12,26.67,28.50,26.00,27.52,26.63,26.54,27.19,27.98,27.16,27.62,26.51,28.57,28.50,27.68,27.70,27.59,27.40,28.49,27.42,27.64,27.93,26.90,27.49,24.77,26.52,27.36,27.18,26.72,26.20,26.09,26.23,27.00
1974,26.00,26.39,28.00,28.10,26.90,27.67,27.67,25.91,26.73,23.02,23.62,27.55,26.43,26.14,26.47,25.31,26.51,27.02,25.12,24.61,24.86,27.34,23.27,26.78,25.72,26.98,28.02,25.77,26.63,27.31,26.70,23.86,26.37,26.07,25.95,28.08,28.02,27.00,26.86,26.82,27.07,24.20,25.93,26.12,27.64,26.19,27.98,25.53,27.16,26.17,26.12,26.71,27.49,26.62,27.09,25.99,28.09,28.04,27.21,27.18,27.22,26.86,27.97,27.05,27.18,27.43,26.48,26.95,24.31,26.00,27.00,26.62,26.21,25.74,25.62,25.88,26.46
1975,26.22,26.63,28.23,28.25,27.14,27.85,27.89,26.20,26.90,23.29,23.89,27.71,26.50,26.43,26.75,25.49,26.82,26.97,25.43,24.93,25.23,27.56,23.48,27.06,26.00,27.22,28.19,26.07,26.86,27.59,26.66,24.19,26.24,26.43,26.33,28.24,28.23,26.88,27.08,26.78,26.97,24.50,26.26,26.26,27.93,26.50,28.21,25.85,27.08,26.30,26.17,26.87,27.65,26.88,27.32,26.31,28.24,28.19,27.35,27.40,27.12,27.10,28.20,26.94,27.50,27.65,26.51,27.19,24.61,26.17,26.89,26.87,26.55,25.97,25.95,25.74,26.72
1976,26.12,26.52,28.17,28.24,27.05,27.80,27.84,26.08,26.84,23.19,23.70,27.68,26.43,26.33,26.61,25.43,26.68,26.95,25.30,24.81,25.03,27.52,23.41,26.95,25.88,27.15,28.16,25.95,26.78,27.47,26.64,24.00,26.31,26.23,26.12,28.23,28.18,26.94,27.01,26.74,26.99,24.35,26.09,26.24,27.78,26.33,28.15,25.70,27.06,26.25,26.10,26.85,27.61,26.77,27.24,26.17,28.23,28.18,27.32,27.36,27.14,27.01,28.14,26.97,27.33,27.60,26.45,27.09,24.48,26.12,26.91,26.78,26.38,25.88,25.77,25.81,26.61
1977,26.37,26.89,28.52,28.62,27.38,28.19,28.18,26.36,27.23,23.22,23.73,28.07,26.85,26.64,26.76,25.77,26.92,27.35,25.32,24.82,25.12,27.86,23.46,27.26,26.21,27.51,28.54,26.21,27.12,27.67,27.04,24.07,26.64,26.38,26.23,28.61,28.56,27.27,27.39,27.13,27.35,24.39,26.24,26.63,27.95,26.46,28.52,25.74,27.45,26.64,26.53,27.23,28.02,27.11,27.60,26.37,28.61,28.56,27.72,27.71,27.50,27.36,28.49,27.33,27.41,27.96,26.89,27.43,24.59,26.49,27.27,27.13,26.54,26.13,25.84,26.16,26.96
1978,26.69,27.02,28.76,28.82,27.57,28.38,28.42,26.61,27.39,23.74,24.20,28.26,26.99,26.80,27.29,26.08,27.20,27.47,25.94,25.46,25.60,28.10,23.93,27.44,26.36,27.75,28.74,26.44,27.32,28.11,27.16,24.59,26.74,26.81,26.65,28.80,28.78,27.35,27.60,27.22,27.45,24.90,26.72,26.79,28.45,26.99,28.75,26.36,27.57,26.83,26.66,27.40,28.19,27.26,27.79,26.69,28.82,28.75,27.89,27.94,27.58,27.50,28.73,27.41,28.04,28.19,27.01,27.60,25.15,26.65,27.38,27.28,26.93,26.54,26.43,26.25,27.10
1979,27.07,27.36,29.12,29.16,27.91,28.74,28.79,27.03,27.76,24.22,24.66,28.63,27.28,27.21,27.74,26.45,27.63,27.67,26.42,25.94,26.05,28.45,24.40,27.85,26.75,28.11,29.09,26.86,27.67,28.55,27.36,25.07,26.86,27.23,27.08,29.15,29.14,27.50,27.97,27.52,27.62,25.40,27.15,27.17,28.90,27.45,29.11,26.83,27.77,27.18,26.92,27.77,28.55,27.62,28.14,27.10,29.16,29.10,28.26,28.30,27.74,27.83,29.09,27.56,28.50,28.56,27.22,27.93,25.59,27.02,27.55,27.63,27.35,26.94,26.89,26.37,27.45
1980,26.76,27.16,28.73,28.78,27.59,28.34,28.41,26.70,27.37,23.88,24.45,28.22,27.01,26.98,27.33,26.07,27.34,27.48,26.03,25.53,25.73,28.09,24.06,27.58,26.54,27.70,28.71,26.65,27.33,28.14,27.17,24.77,26.75,26.95,26.88,28.77,28.73,27.36,27.56,27.32,27.47,25.10,26.77,26.82,28.51,27.07,28.71,26.44,27.60,26.83,26.70,27.42,28.16,27.40,27.76,26.88,28.77,28.72,27.90,27.91,27.60,27.58,28.71,27.43,28.07,28.17,27.02,27.66,25.19,26.62,27.40,27.39,27.10,26.55,26.53,26.26,27.24
1981,25.98,26.27,27.82,27.87,26.75,27.48,27.49,25.82,26.55,23.18,23.88,27.35,26.41,26.09,26.49,25.20,26.44,27.14,25.22,24.70,24.82,27.16,23.43,26.71,25.65,26.83,27.80,25.71,26.47,27.22,26.79,23.98,26.71,26.01,25.97,27.86,27.85,27.21,26.70,26.95,27.23,24.38,25.84,25.91,27.59,26.18,27.82,25.60,27.29,26.00,26.16,26.49,27.30,26.52,26.94,25.93,27.87,27.81,26.99,27.02,27.42,26.73,27.79,27.25,27.23,27.27,26.55,26.81,24.37,25.85,27.14,26.52,26.16,25.67,25.65,26.19,26.35
1982,26.07,26.40,28.00,28.02,26.90,27.62,27.66,25.97,26.67,23.22,23.83,27.48,26.42,26.21,26.60,25.33,26.57,27.10,25.32,24.81,24.95,27.34,23.46,26.84,25.77,26.98,27.96,25.83,26.62,27.38,26.75,24.06,26.64,26.15,26.06,28.02,28.00,27.15,26.86,26.88,27.17,24.43,25.99,26.06,27.73,26.30,27.97,25.71,27.24,26.11,26.15,26.65,27.44,26.65,27.08,26.06,28.02,27.96,27.14,27.18,27.35,26.87,27.97,27.18,27.34,27.43,26.52,26.95,24.47,25.96,27.09,26.65,26.28,25.80,25.75,26.13,26.49
1983,26.41,26.79,28.31,28.37,27.29,27.98,27.98,26.31,27.08,23.45,24.03,27.85,26.72,26.56,26.94,25.67,26.94,27.42,25.62,25.12,25.35,27.65,23.67,27.19,26.14,27.30,28.30,26.21,26.99,27.70,27.09,24.32,26.96,26.54,26.44,28.36,28.33,27.51,27.18,27.20,27.53,24.68,26.34,26.39,28.05,26.64,28.30,26.04,27.57,26.41,26.47,26.99,27.81,27.02,27.46,26.46,28.37,28.31,27.48,27.49,27.73,27.28,28.28,27.55,27.68,27.75,26.85,27.35,24.81,26.36,27.46,27.01,26.70,26.15,26.12,26.45,26.87
1984,26.12,26.46,28.09,28.12,26.97,27.72,27.76,26.03,26.79,23.26,23.90,27.60,26.42,26.28,26.67,25.43,26.65,27.05,25.38,24.87,25.02,27.42,23.50,26.91,25.83,27.07,28.06,25.88,26.70,27.45,26.70,24.12,26.37,26.22,26.14,28.12,28.10,26.98,26.94,26.89,27.06,24.48,26.07,26.16,27.79,26.36,28.08,25.77,27.17,26.20,26.14,26.75,27.57,26.71,27.18,26.12,28.11,28.07,27.24,27.26,27.21,26.94,28.06,27.03,27.41,27.53,26.49,27.03,24.54,26.08,26.98,26.68,26.36,25.89,25.83,25.86,26.55
1985,26.20,26.52,28.13,28.17,27.04,27.77,27.79,26.11,26.82,23.37,23.90,27.65,26.48,26.36,26.77,25.48,26.72,27.11,25.49,25.00,25.10,27.48,23.61,26.98,25.91,27.13,28.10,25.97,26.76,27.54,26.77,24.14,26.55,26.29,26.16,28.16,28.14,27.11,26.99,26.93,27.16,24.51,26.15,26.21,27.90,26.47,28.11,25.88,27.23,26.23,26.20,26.79,27.60,26.78,27.23,26.20,28.17,28.11,27.29,27.32,27.32,27.00,28.10,27.15,27.52,27.57,26.56,27.08,24.65,26.10,27.08,26.74,26.43,25.96,25.93,26.04,26.61
1986,26.15,26.46,28.06,28.11,26.96,27.70,27.72,26.04,26.76,23.29,23.85,27.58,26.55,26.27,26.69,25.43,26.64,27.20,25.40,24.90,25.02,27.40,23.57,26.89,25.82,27.04,28.04,25.90,26.68,27.45,26.87,24.07,26.73,26.21,26.10,28.10,28.07,27.26,26.92,26.99,27.29,24.46,26.07,26.14,27.82,26.39,28.04,25.78,27.34,26.21,26.28,26.73,27.53,26.71,27.15,26.12,28.11,28.06,27.23,27.23,27.47,26.93,28.03,27.30,27.43,27.50,26.65,27.00,24.57,26.05,27.21,26.70,26.35,25.88,25.85,26.23,26.55
1987,26.98,27.30,29.00,29.10,27.82,28.64,28.66,26.90,27.67,24.07,24.61,28.51,27.36,27.13,27.55,26.34,27.51,27.86,26.22,25.73,25.88,28.31,24.28,27.77,26.68,27.94,29.02,26.75,27.55,28.36,27.54,24.90,27.21,27.07,26.95,29.09,29.02,27.79,27.81,27.66,27.87,25.25,26.94,27.15,28.70,27.24,28.97,26.60,27.97,27.18,27.01,27.74,28.47,27.56,28.02,26.98,29.09,29.05,28.23,28.13,28.02,27.76,28.97,27.84,28.28,28.44,27.35,27.85,25.41,26.96,27.80,27.55,27.21,26.79,26.67,26.70,27.39
1988,26.74,27.08,28.75,28.84,27.62,28.41,28.42,26.66,27.47,23.81,24.43,28.30,27.12,26.89,27.26,26.08,27.26,27.69,25.91,25.42,25.61,28.09,24.07,27.53,26.44,27.73,28.76,26.48,27.35,28.07,27.36,24.63,27.05,26.82,26.66,28.83,28.78,27.63,27.61,27.42,27.72,25.00,26.69,26.88,28.42,26.97,28.74,26.31,27.79,26.91,26.80,27.47,28.25,27.34,27.83,26.70,28.84,28.79,27.97,27.93,27.87,27.57,28.72,27.69,27.98,28.19,27.16,27.66,25.11,26.74,27.66,27.32,26.94,26.51,26.39,26.55,27.18
1989,26.74,27.17,28.81,28.88,27.70,28.46,28.48,26.73,27.52,23.71,24.22,28.34,27.07,26.97,27.27,26.10,27.31,27.53,25.89,25.41,25.65,28.15,23.90,27.60,26.53,27.80,28.80,26.58,27.42,28.13,27.22,24.56,26.83,26.86,26.69,28.87,28.83,27.41,27.67,27.21,27.51,24.88,26.75,26.88,28.47,27.00,28.79,26.31,27.64,26.92,26.70,27.49,28.29,27.42,27.90,26.79,28.88,28.82,27.96,27.99,27.63,27.66,28.78,27.47,27.98,28.24,27.04,27.74,25.09,26.77,27.44,27.41,27.00,26.54,26.41,26.33,27.25
1990,27.05,27.47,29.12,29.26,28.00,28.84,28.79,27.00,27.92,23.97,24.43,28.75,27.49,27.24,27.53,26.43,27.58,27.99,26.12,25.63,25.91,28.47,24.19,27.87,26.80,28.12,29.17,26.83,27.73,28.41,27.67,24.81,27.30,27.12,26.96,29.24,29.17,27.89,28.00,27.79,28.00,25.11,27.01,27.31,28.71,27.25,29.12,26.55,28.11,27.36,27.14,27.88,28.70,27.71,28.24,27.05,29.25,29.21,28.38,28.31,28.13,27.96,29.09,27.96,28.24,28.57,27.47,28.05,25.37,27.20,27.94,27.72,27.27,26.83,26.66,26.80,27.55
1991,27.12,27.53,29.19,29.24,28.05,28.81,28.86,27.11,27.86,24.14,24.69,28.69,27.37,27.33,27.68,26.47,27.70,27.85,26.31,25.82,26.05,28.52,24.32,27.97,26.89,28.14,29.17,26.94,27.78,28.52,27.54,25.00,27.19,27.26,27.12,29.23,29.18,27.79,28.02,27.67,27.88,25.35,27.13,27.26,28.84,27.39,29.14,26.72,27.98,27.26,27.02,27.86,28.64,27.78,28.25,27.17,29.23,29.19,28.35,28.34,28.02,28.00,29.16,27.85,28.40,28.61,27.35,28.10,25.52,27.12,27.80,27.77,27.39,26.92,26.81,26.68,27.62
1992,26.73,27.13,28.82,28.95,27.68,28.53,28.47,26.66,27.59,23.56,24.02,28.43,27.23,26.90,27.18,26.09,27.26,27.80,25.75,25.26,25.58,28.15,23.75,27.53,26.46,27.81,28.85,26.51,27.41,28.06,27.47,24.44,27.17,26.80,26.63,28.92,28.85,27.76,27.70,27.55,27.85,24.72,26.68,26.98,28.37,26.90,28.80,26.20,27.92,27.02,26.91,27.56,28.38,27.37,27.92,26.73,28.95,28.89,28.05,27.99,28.00,27.64,28.79,27.82,27.88,28.25,27.27,27.72,25.02,26.89,27.77,27.40,26.96,26.50,26.31,26.67,27.21
1993,26.75,27.15,28.83,28.92,27.69,28.49,28.50,26.69,27.54,23.72,24.26,28.38,27.09,26.94,27.26,26.15,27.29,27.67,25.89,25.38,25.60,28.16,23.90,27.57,26.49,27.82,28.85,26.53,27.42,28.10,27.34,24.58,27.00,26.81,26.67,28.91,28.86,27.61,27.69,27.47,27.71,24.90,26.70,26.95,28.42,26.96,28.82,26.30,27.79,26.95,26.78,27.55,28.32,27.39,27.90,26.75,28.91,28.88,28.04,28.01,27.85,27.64,28.80,27.67,27.97,28.27,27.12,27.73,25.12,26.81,27.64,27.40,26.96,26.56,26.39,26.50,27.24
1994,26.82,27.24,28.86,28.98,27.79,28.57,28.51,26.76,27.66,23.79,24.39,28.47,27.20,27.00,27.25,26.14,27.35,27.77,25.90,25.39,25.66,28.22,23.96,27.64,26.56,27.89,28.90,26.61,27.50,28.14,27.44,24.63,27.11,26.89,26.76,28.97,28.93,27.71,27.76,27.54,27.81,24.98,26.75,27.01,28.43,26.97,28.89,26.30,27.89,27.04,26.87,27.60,28.42,27.48,28.00,26.83,28.98,28.93,28.10,28.08,27.94,27.75,28.83,27.77,27.96,28.30,27.22,27.84,25.10,26.94,27.73,27.50,27.03,26.55,26.39,26.61,27.32
1995,26.71,27.08,28.73,28.82,27.61,28.41,28.38,26.61,27.50,23.71,24.31,28.32,27.11,26.86,27.14,26.03,27.22,27.78,25.81,25.32,25.53,28.05,23.95,27.49,26.41,27.74,28.74,26.45,27.33,27.99,27.45,24.51,27.17,26.76,26.61,28.81,28.76,27.80,27.61,27.55,27.86,24.88,26.61,26.86,28.31,26.85,28.72,26.21,27.92,26.87,26.83,27.45,28.27,27.33,27.85,26.68,28.82,28.77,27.94,27.92,28.02,27.59,28.70,27.85,27.85,28.16,27.22,27.67,25.03,26.79,27.78,27.33,26.90,26.45,26.29,26.67,27.17
1996,26.32,26.61,28.28,28.45,27.15,28.04,27.94,26.14,27.13,23.32,23.95,27.96,26.89,26.40,26.74,25.68,26.74,27.64,25.40,24.90,25.07,27.60,23.57,27.02,25.96,27.29,28.37,26.00,26.87,27.57,27.28,24.12,27.10,26.27,26.18,28.44,28.34,27.67,27.18,27.40,27.72,24.49,26.15,26.54,27.88,26.43,28.29,25.79,27.78,26.59,26.62,27.11,27.92,26.86,27.42,26.22,28.45,28.42,27.62,27.46,27.90,27.12,28.25,27.72,27.44,27.75,27.01,27.20,24.62,26.43,27.64,26.88,26.43,26.06,25.86,26.59,26.70
1997,26.87,27.27,28.89,28.99,27.79,28.58,28.57,26.80,27.63,23.79,24.27,28.45,27.25,27.05,27.33,26.20,27.40,27.94,25.96,25.47,25.73,28.25,23.96,27.68,26.61,27.91,28.91,26.65,27.52,28.18,27.58,24.66,27.39,26.94,26.79,28.98,28.94,27.96,27.78,27.69,27.98,24.97,26.80,27.03,28.49,27.05,28.91,26.38,28.06,27.04,26.97,27.62,28.40,27.52,28.02,26.87,28.99,28.94,28.12,28.10,28.18,27.76,28.86,28.00,28.03,28.34,27.34,27.84,25.19,26.90,27.91,27.52,27.08,26.64,26.47,26.89,27.36
1998,27.51,27.93,29.55,29.57,28.46,29.18,29.20,27.46,28.23,24.51,25.11,29.05,27.78,27.71,28.01,26.78,28.08,28.41,26.66,26.14,26.44,28.90,24.68,28.34,27.27,28.55,29.49,27.34,28.19,28.85,28.06,25.43,27.83,27.66,27.54,29.55,29.56,28.43,28.42,28.12,28.48,25.76,27.49,27.58,29.18,27.74,29.54,27.08,28.48,27.58,27.47,28.16,28.99,28.18,28.65,27.56,29.57,29.50,28.67,28.74,28.65,28.43,29.52,28.48,28.73,28.96,27.83,28.52,25.87,27.51,28.41,28.17,27.80,27.27,27.19,27.33,28.02
1999,26.31,26.68,28.20,28.29,27.18,27.89,27.87,26.19,26.98,23.44,24.18,27.76,26.68,26.45,26.74,25.54,26.80,27.41,25.47,24.95,25.13,27.56,23.69,27.08,26.01,27.21,28.20,26.06,26.88,27.54,27.06,24.25,26.96,26.34,26.31,28.27,28.24,27.50,27.09,27.15,27.51,24.66,26.17,26.33,27.88,26.45,28.20,25.85,27.56,26.38,26.40,26.91,27.73,26.91,27.35,26.28,28.29,28.22,27.41,27.40,27.72,27.16,28.18,27.54,27.46,27.64,26.80,27.24,24.62,26.29,27.43,26.91,26.50,25.98,25.90,26.46,26.76
2000,26.54,26.92,28.53,28.58,27.43,28.18,28.19,26.44,27.27,23.54,24.17,28.06,26.99,26.70,26.98,25.82,27.04,27.72,25.62,25.12,25.37,27.85,23.75,27.33,26.27,27.50,28.51,26.31,27.14,27.81,27.37,24.36,27.20,26.59,26.47,28.57,28.55,27.77,27.38,27.47,27.79,24.70,26.42,26.65,28.11,26.68,28.52,26.03,27.85,26.70,26.72,27.23,28.03,27.17,27.63,26.52,28.57,28.52,27.73,27.70,27.99,27.40,28.50,27.81,27.68,27.95,27.12,27.48,24.85,26.59,27.71,27.16,26.73,26.25,26.12,26.70,27.00
2001,26.71,27.11,28.69,28.74,27.63,28.35,28.35,26.61,27.44,23.77,24.44,28.21,27.12,26.87,27.13,25.95,27.22,27.81,25.83,25.31,25.55,28.02,24.00,27.50,26.43,27.67,28.66,26.48,27.34,27.98,27.46,24.59,27.33,26.77,26.68,28.72,28.70,27.88,27.56,27.58,27.89,24.96,26.59,26.77,28.28,26.85,28.67,26.22,27.95,26.84,26.85,27.36,28.17,27.34,27.81,26.70,28.74,28.67,27.85,27.86,28.09,27.60,28.66,27.91,27.85,28.10,27.21,27.69,25.01,26.73,27.81,27.36,26.91,26.41,26.29,26.82,27.19
2002,26.81,27.16,28.80,28.93,27.69,28.51,28.47,26.65,27.58,23.75,24.39,28.40,27.38,26.90,27.17,26.08,27.25,28.12,25.83,25.31,25.56,28.15,23.96,27.54,26.46,27.82,28.84,26.52,27.42,28.06,27.76,24.60,27.67,26.78,26.71,28.91,28.86,28.21,27.70,27.86,28.22,24.95,26.66,26.96,28.35,26.89,28.81,26.22,28.24,27.02,27.12,27.55,28.35,27.39,27.92,26.73,28.93,28.87,28.05,28.00,28.42,27.66,28.77,28.24,27.87,28.24,27.51,27.75,25.03,26.87,28.14,27.44,26.94,26.49,26.32,27.16,27.24
2003,26.72,27.08,28.76,28.87,27.62,28.44,28.42,26.56,27.52,23.65,24.38,28.34,27.28,26.80,27.06,26.02,27.16,28.01,25.73,25.21,25.47,28.08,23.83,27.45,26.36,27.75,28.78,26.42,27.35,27.96,27.66,24.54,27.44,26.69,26.65,28.84,28.79,28.03,27.62,27.79,28.08,24.90,26.55,26.91,28.23,26.78,28.74,26.11,28.14,26.94,27.03,27.49,28.29,27.31,27.85,26.63,28.87,28.81,27.99,27.93,28.26,27.59,28.73,28.07,27.75,28.19,27.41,27.68,24.93,26.79,28.00,27.37,26.84,26.43,26.20,26.94,27.15
2004,26.65,27.04,28.64,28.81,27.58,28.41,28.30,26.54,27.51,23.52,24.13,28.30,27.30,26.81,26.95,25.93,27.12,27.98,25.61,25.10,25.38,27.98,23.72,27.45,26.37,27.67,28.70,26.40,27.29,27.87,27.64,24.38,27.39,26.62,26.52,28.77,28.71,27.99,27.56,27.81,28.02,24.73,26.48,26.85,28.15,26.68,28.65,26.01,28.10,26.93,27.05,27.42,28.26,27.28,27.81,26.60,28.81,28.74,27.93,27.84,28.22,27.56,28.61,28.04,27.64,28.08,27.42,27.63,24.81,26.79,27.95,27.31,26.78,26.32,26.09,26.90,27.13
2005,26.86,27.26,28.85,28.93,27.79,28.55,28.52,26.79,27.62,23.92,24.63,28.40,27.23,27.05,27.23,26.10,27.39,27.90,25.95,25.43,25.68,28.20,24.14,27.68,26.61,27.86,28.84,26.64,27.51,28.13,27.56,24.77,27.36,26.90,26.85,28.90,28.89,27.93,27.75,27.68,27.97,25.14,26.75,26.96,28.43,26.98,28.86,26.32,28.02,26.99,26.96,27.54,28.35,27.51,28.00,26.85,28.93,28.85,28.04,28.05,28.16,27.76,28.82,27.98,27.93,28.27,27.32,27.84,25.09,26.89,27.89,27.52,27.06,26.54,26.40,26.86,27.35
2006,26.75,27.24,28.78,28.85,27.77,28.47,28.44,26.72,27.58,23.72,24.45,28.33,27.19,27.00,27.07,25.98,27.32,27.78,25.77,25.24,25.57,28.12,23.91,27.65,26.57,27.79,28.76,26.59,27.46,28.01,27.45,24.62,27.19,26.81,26.76,28.83,28.81,27.77,27.68,27.62,27.81,24.98,26.64,26.87,28.28,26.82,28.78,26.15,27.89,26.90,26.93,27.45,28.29,27.49,27.97,26.79,28.85,28.78,27.95,27.98,27.99,27.74,28.75,27.81,27.77,28.19,27.27,27.82,24.90,26.86,27.74,27.48,26.97,26.42,26.23,26.69,27.33
2007,26.65,27.04,28.67,28.76,27.57,28.37,28.34,26.51,27.44,23.62,24.25,28.25,27.13,26.77,27.07,25.97,27.12,27.75,25.72,25.21,25.42,28.01,23.80,27.41,26.33,27.67,28.68,26.38,27.28,27.92,27.42,24.48,27.19,26.64,26.56,28.75,28.71,27.78,27.56,27.57,27.81,24.85,26.51,26.81,28.22,26.76,28.67,26.11,27.87,26.85,26.86,27.38,28.21,27.27,27.81,26.59,28.76,28.71,27.89,27.87,28.00,27.54,28.64,27.82,27.76,28.11,27.22,27.63,24.93,26.75,27.73,27.30,26.80,26.39,26.20,26.69,27.11
2008,26.30,26.60,28.18,28.34,27.12,27.96,27.84,26.12,27.09,23.34,24.01,27.85,26.84,26.39,26.72,25.58,26.73,27.55,25.44,24.94,25.11,27.49,23.55,27.02,25.95,27.18,28.24,26.02,26.82,27.53,27.21,24.16,27.04,26.30,26.27,28.32,28.23,27.64,27.09,27.36,27.66,24.55,26.15,26.42,27.85,26.42,28.17,25.83,27.70,26.48,26.61,26.98,27.83,26.84,27.37,26.26,28.34,28.29,27.49,27.36,27.86,27.09,28.15,27.68,27.45,27.64,26.98,27.17,24.60,26.38,27.58,26.82,26.48,26.00,25.87,26.54,26.68
2009,26.69,27.04,28.58,28.66,27.55,28.27,28.25,26.56,27.40,23.79,24.54,28.15,27.11,26.82,27.11,25.89,27.18,27.79,25.85,25.31,25.56,27.94,24.00,27.45,26.38,27.60,28.57,26.45,27.26,27.94,27.45,24.70,27.28,26.76,26.77,28.63,28.63,27.87,27.48,27.62,27.90,25.06,26.59,26.70,28.26,26.85,28.59,26.24,27.93,26.78,26.85,27.27,28.12,27.28,27.75,26.68,28.66,28.58,27.78,27.78,28.09,27.53,28.55,27.91,27.85,28.02,27.23,27.61,24.99,26.71,27.82,27.29,26.91,26.36,26.31,26.78,27.12
2010,27.33,27.65,29.28,29.34,28.18,28.95,28.94,27.20,28.04,24.48,25.19,28.82,27.59,27.44,27.85,26.63,27.81,28.25,26.60,26.07,26.21,28.60,24.63,28.07,27.01,28.26,29.27,27.08,27.89,28.63,27.91,25.39,27.69,27.40,27.41,29.33,29.30,28.27,28.14,28.04,28.33,25.77,27.24,27.36,28.97,27.55,29.26,26.96,28.38,27.38,27.30,27.95,28.78,27.89,28.40,27.32,29.34,29.29,28.45,28.46,28.51,28.15,29.25,28.32,28.58,28.72,27.66,28.23,25.73,27.31,28.26,27.88,27.55,27.10,27.01,27.18,27.74
2011,26.27,26.54,28.21,28.31,27.09,27.91,27.87,26.08,27.02,23.35,23.97,27.82,26.84,26.33,26.70,25.59,26.67,27.69,25.40,24.91,25.01,27.52,23.59,26.98,25.88,27.19,28.22,25.86,26.81,27.50,27.32,24.10,27.19,26.20,26.09,28.28,28.22,27.77,27.08,27.44,27.80,24.49,26.09,26.36,27.81,26.38,28.18,25.79,27.83,26.46,26.61,26.94,27.79,26.81,27.33,26.10,28.31,28.25,27.43,27.38,27.99,27.05,28.18,27.80,27.43,27.65,27.01,27.14,24.60,26.31,27.72,26.76,26.33,25.99,25.84,26.69,26.63
2012,27.17,27.57,29.13,29.15,28.08,28.78,28.80,27.11,27.89,24.27,24.95,28.64,27.41,27.36,27.63,26.41,27.73,28.05,26.41,25.87,26.09,28.48,24.39,27.99,26.91,28.11,29.09,26.97,27.79,28.47,27.72,25.19,27.41,27.30,27.29,29.15,29.13,28.00,27.99,27.84,28.08,25.56,27.13,27.18,28.81,27.37,29.11,26.77,28.17,27.20,27.12,27.77,28.62,27.82,28.27,27.23,29.15,29.10,28.27,28.31,28.23,28.06,29.10,28.06,28.38,28.55,27.48,28.14,25.50,27.18,28.01,27.78,27.46,26.89,26.82,26.91,27.66
2013,26.81,27.09,28.71,28.79,27.62,28.40,28.38,26.68,27.49,23.87,24.57,28.29,27.26,26.93,27.25,26.04,27.29,28.00,26.01,25.49,25.69,28.05,23.97,27.56,26.48,27.71,28.71,26.55,27.34,28.08,27.64,24.76,27.48,26.87,26.84,28.78,28.74,28.05,27.59,27.79,28.09,25.14,26.73,26.82,28.41,26.99,28.70,26.38,28.13,26.89,27.01,27.41,28.25,27.36,27.84,26.79,28.79,28.74,27.91,27.89,28.27,27.59,28.68,28.10,28.00,28.14,27.39,27.66,25.13,26.77,28.01,27.33,27.03,26.50,26.44,26.98,27.20
2014,26.91,27.25,28.84,28.91,27.76,28.52,28.51,26.80,27.60,23.97,24.67,28.40,27.28,27.05,27.36,26.15,27.40,28.02,26.11,25.60,25.76,28.21,24.11,27.67,26.60,27.85,28.82,26.67,27.49,28.19,27.68,24.91,27.50,26.96,26.94,28.89,28.86,28.05,27.73,27.82,28.09,25.26,26.82,26.91,28.52,27.08,28.83,26.51,28.16,26.96,27.05,27.50,28.35,27.50,27.97,26.91,28.91,28.85,28.01,28.05,28.28,27.74,28.82,28.10,28.11,28.26,27.44,27.82,25.24,26.87,28.03,27.48,27.12,26.61,26.53,26.99,27.34
2015,27.31,27.75,29.29,29.28,28.22,28.91,28.97,27.30,27.98,24.32,24.95,28.76,27.49,27.56,27.83,26.58,27.92,28.12,26.54,26.01,26.29,28.66,24.39,28.18,27.12,28.23,29.20,27.21,27.95,28.66,27.80,25.35,27.58,27.50,27.47,29.26,29.25,28.17,28.13,27.94,28.19,25.64,27.32,27.27,29.01,27.59,29.23,26.97,28.25,27.26,27.19,27.88,28.70,28.00,28.38,27.44,29.28,29.21,28.37,28.46,28.36,28.22,29.27,28.19,28.59,28.71,27.58,28.29,25.67,27.23,28.11,27.98,27.67,27.08,27.05,27.08,27.85
2016,27.43,27.84,29.37,29.43,28.29,29.05,29.02,27.37,28.15,24.40,24.95,28.94,27.82,27.66,27.92,26.67,28.01,28.46,26.61,26.09,26.38,28.71,24.55,28.27,27.24,28.37,29.34,27.30,28.01,28.73,28.13,25.31,27.91,27.60,27.47,29.40,29.38,28.50,28.26,28.23,28.52,25.61,27.40,27.45,29.08,27.67,29.34,27.04,28.58,27.53,27.52,28.03,28.90,28.08,28.50,27.53,29.43,29.36,28.53,28.54,28.70,28.27,29.34,28.53,28.67,28.79,27.90,28.34,25.77,27.46,28.45,28.05,27.76,27.14,27.13,27.41,27.93
2017,26.94,27.26,28.89,28.97,27.79,28.59,28.54,26.83,27.69,23.97,24.54,28.46,27.31,27.07,27.49,26.26,27.44,28.01,26.13,25.64,25.83,28.22,24.14,27.70,26.63,27.90,28.89,26.69,27.51,28.26,27.66,24.79,27.42,27.01,26.89,28.95,28.92,28.01,27.78,27.82,28.07,25.13,26.87,27.00,28.60,27.17,28.89,26.55,28.13,27.03,27.04,27.58,28.42,27.51,28.04,26.93,28.97,28.91,28.08,28.08,28.24,27.75,28.86,28.06,28.21,28.34,27.42,27.83,25.35,26.96,27.99,27.49,27.16,26.71,26.62,26.91,27.35
2018,26.92,27.30,28.85,28.95,27.82,28.57,28.51,26.85,27.68,23.91,24.48,28.43,27.29,27.12,27.42,26.21,27.46,27.97,26.10,25.62,25.82,28.19,24.04,27.75,26.68,27.86,28.86,26.73,27.53,28.23,27.64,24.79,27.43,27.02,26.91,28.92,28.89,28.01,27.75,27.77,28.05,25.11,26.87,26.95,28.57,27.15,28.85,26.52,28.11,26.99,27.03,27.54,28.40,27.56,28.04,26.97,28.95,28.88,28.05,28.04,28.22,27.79,28.82,28.05,28.17,28.30,27.40,27.87,25.28,26.96,27.97,27.54,27.18,26.66,26.60,26.93,27.40
2019,27.52,27.86,29.48,29.50,28.38,29.12,29.14,27.45,28.16,24.65,25.26,28.97,27.74,27.69,28.09,26.80,28.06,28.39,26.83,26.33,26.46,28.83,24.73,28.32,27.25,28.47,29.42,27.32,28.11,28.88,28.06,25.57,27.82,27.65,27.60,29.48,29.49,28.40,28.35,28.17,28.43,25.93,27.50,27.48,29.22,27.80,29.46,27.21,28.51,27.50,27.46,28.10,28.91,28.12,28.59,27.55,29.50,29.42,28.58,28.67,28.62,28.33,29.45,28.44,28.85,28.90,27.84,28.42,25.97,27.46,28.36,28.11,27.79,27.29,27.27,27.32,27.95
2020,27.43,27.76,29.41,29.46,28.29,29.06,29.07,27.36,28.14,24.49,25.08,28.92,27.64,27.59,28.02,26.78,27.97,28.30,26.66,26.17,26.38,28.74,24.59,28.22,27.14,28.38,29.39,27.24,28.02,28.80,27.96,25.39,27.72,27.57,27.49,29.46,29.41,28.31,28.26,28.08,28.37,25.72,27.42,27.46,29.13,27.71,29.38,27.07,28.43,27.46,27.35,28.07,28.88,28.02,28.52,27.48,29.45,29.41,28.56,28.58,28.54,28.26,29.38,28.36,28.75,28.85,27.71,28.35,25.89,27.41,28.29,28.01,27.72,27.25,27.18,27.21,27.86
2021,26.91,27.25,28.81,28.89,27.76,28.52,28.48,26.80,27.64,23.98,24.72,28.38,27.25,27.06,27.37,26.17,27.43,27.96,26.10,25.60,25.82,28.16,24.15,27.69,26.62,27.81,28.81,26.69,27.47,28.19,27.62,24.83,27.39,27.03,26.94,28.88,28.84,27.97,27.71,27.76,28.03,25.20,26.83,26.92,28.52,27.10,28.80,26.50,28.10,26.96,26.98,27.51,28.35,27.50,27.98,26.94,28.88,28.84,28.01,28.00,28.21,27.76,28.78,28.02,28.13,28.25,27.37,27.82,25.25,26.92,27.96,27.49,27.18,26.63,26.57,26.90,27.34
